name,PLN_AREA_N,category,lat,lng
NEWest,CLEMENTI,health,1.3164853,103.7573965
Astute Medical Clinic,OUTRAM,health,1.2837158000000002,103.8465822
First Aid Shop,KALLANG,hospital,1.3122204,103.8595525
Aapage office,BISHAN,hospital,1.3540998,103.8278392
DTAP Clinic @Kovan (Dr. Tan & Partners),HOUGANG,hospital,1.3618465,103.8872013
Eu Yan Sang Private Limited,GEYLANG,hospital,1.3263376,103.8927403
Northeast Medical Group (Sengkang),SENGKANG,hospital,1.3914921999999998,103.8960025
Elissa Medical Clinic,HOUGANG,hospital,1.3758021,103.8794307
Uber Aesthetic Clinic,SERANGOON,hospital,1.3651694,103.8651106
TTSH CLINICS side,NOVENA,hospital,1.320699,103.8445117
SOG - Cindy Pang Clinic for Women & Gynae Oncology,NEWTON,hospital,1.3049589,103.8351774
Vivo Enterprise Pte. Ltd.,GEYLANG,hospital,1.326544,103.875761
Perak,NOVENA,hospital,1.3255639,103.842406
Dialysis Centre,YISHUN,hospital,1.434065,103.839015
Asia Renal Care (S) Pte Ltd,BISHAN,hospital,1.3490163999999998,103.850475
Dr Z Tuina,CLEMENTI,hospital,1.316638,103.769127
Huaxia Acupuncture & Chinese Medical Centre,DOWNTOWN CORE,hospital,1.3021194,103.8640882
NUH Child Development Unit @ Keat Hong (CDU@KH),CHOA CHU KANG,hospital,1.384181,103.7451181
International Medical Clinic - Katong,MARINE PARADE,hospital,1.305095,103.904294
Snec@bedok,BEDOK,hospital,1.3251665,103.9321098
Ko & Ko Specialists Pte Ltd,TOA PAYOH,hospital,1.3419083,103.8379548
Singapore hospital,DOWNTOWN CORE,hospital,1.2777366,103.8476215
Medical Ambulatory Centre TTSH,NOVENA,hospital,1.3213362,103.846657
Mak Heart Clinic,TANGLIN,hospital,1.3077263,103.8200865
Steven's Baby & Child Clinic,TOA PAYOH,hospital,1.3419083,103.8379548
St georges clinic and surgery,KALLANG,hospital,1.3233169,103.860718
Florilia Surgery,ORCHARD,hospital,1.301654,103.838554
Econ Recreation Branch,SERANGOON,hospital,1.3529208,103.8741246
Qnett Private Limited,BEDOK,hospital,1.33251,103.902292
Geriatric Special Care Dentistry Clinic (GSDC),BISHAN,hospital,1.360743,103.844141
Vet-Aqua Life,SERANGOON,hospital,1.3833115,103.8756142
Bukit Merah Polyclinic,BUKIT MERAH,hospital,1.2837188999999998,103.8171087
Singapore Aeromedical Centre,PAYA LEBAR,hospital,1.3424154,103.8997517
EPic Asia Pte Ltd,GEYLANG,hospital,1.3224148999999998,103.8920821
Tay Medical Centre The,QUEENSTOWN,hospital,1.307145,103.795477
Former Kandang Kerbau Hospital,KALLANG,hospital,1.3086501,103.8487219
Bethesda Medical Centre,DOWNTOWN CORE,hospital,1.2946017,103.8578815
Jin On Chinese Physician Acupunturist and Physiotherapy Centre,GEYLANG,hospital,1.3175689,103.8794306
Ibulth,SELETAR,hospital,1.4116421,103.875668
Serangan Animasi,WOODLANDS,hospital,1.4448893,103.7927995
Saint-Julien Clinic for Diabetes & Endocrinology (Farrer Park Hospital),ROCHOR,hospital,1.3127619,103.8545562
Chinatown Chinese Medical Center,OUTRAM,hospital,1.2839114,103.8453499
Parkway East Hospital 24 Hours Clinic (Accident & Emergency),BEDOK,hospital,1.3149524,103.9089282
BP CC,BISHAN,hospital,1.355415,103.840098
Boey@Holland V,QUEENSTOWN,hospital,1.311202,103.7953112
Pioneer Medicare,JURONG WEST,hospital,1.3338027,103.6968615
"Endoscopy, Veins & Piles Centre",ROCHOR,hospital,1.3127619,103.8545562
Ren Ci @ Bukit Batok,BUKIT BATOK,hospital,1.355001,103.7515945
Novena Surgery Pte Ltd,NOVENA,hospital,1.3207595,103.8443605
CMY Medical Pte Ltd,BEDOK,hospital,1.3254553,103.926217
Exit fr Rail corridor~Alexandra hospital,QUEENSTOWN,hospital,1.2844331,103.801372
Admiralty Medical Centre (AdMC) Pharmacy Services,WOODLANDS,pharmacy,1.4398953,103.8006188
Sian Chay Medical Institution,GEYLANG,hospital,1.3142279,103.8883537
Martin St. Peter's Hospital,GEYLANG,hospital,1.3158667,103.8967645
NDR Medical Technology Private Limited,QUEENSTOWN,hospital,1.2973728,103.7863205
CKW HOUSE,PIONEER,hospital,1.3201609,103.6747376
Adspress Systech Pte. Ltd.,CLEMENTI,hospital,1.336864,103.7544416
Hosptal,YISHUN,hospital,1.4294437,103.8355833
Pacific Healthcare Holdings Limited,ORCHARD,hospital,1.303905,103.835576
SW Medical Centre,YISHUN,hospital,1.4325261,103.8332313
Mount Alvernia Hospital 24-Hr Clinic & Emergency,TOA PAYOH,hospital,1.3420816999999998,103.8379436
Joy Lee Breast And General Surgery Pte Ltd,TOA PAYOH,hospital,1.3421217,103.8377029
Nobel Chest & Internal Medicine Centre,TOA PAYOH,hospital,1.3419181,103.8375243
Community Hub@Sengkang,SENGKANG,hospital,1.3926040000000002,103.873258
Frontier Family Medicine Clinic,CLEMENTI,hospital,1.3142178999999998,103.765169
ZENITH MEDICAL CLINIC,PUNGGOL,hospital,1.4051522,103.897574
Ear Nose & Throat Centre L E Loh,NEWTON,hospital,1.305083,103.8353626
Scinn Medical Centre,ORCHARD,hospital,1.3032578,103.8338832
The Breast Cancer and Lymphoedema Centre,ROCHOR,hospital,1.3127619,103.8545562
Jurong Community Hospital,JURONG EAST,hospital,1.3323404,103.7467507
Zimmer Pte Ltd,QUEENSTOWN,hospital,1.3033365,103.7964955
IMH Education Hub,HOUGANG,hospital,1.3818926,103.8834196
Everhealth Medical Centre,HOUGANG,hospital,1.376676,103.890763
FB Centre,,hospital,1.261937,103.82096
Maritime Medical Centre,BUKIT MERAH,hospital,1.2765879,103.8403609
Gongshang,BUKIT MERAH,hospital,1.2641855,103.8225174
SBF Medical Suites,DOWNTOWN CORE,hospital,1.278027,103.8479839
Saw Baby & Child Clinic,HOUGANG,hospital,1.3727194,103.8855937
i.Medical,YISHUN,hospital,1.4281699,103.8361007
Raffles Executive Medical Centre,DOWNTOWN CORE,hospital,1.301349,103.85715
Singhealth Animal Hospital (Sembawang),YISHUN,hospital,1.4138541999999998,103.8269661
Singapore Cancer Society Satellite Centre @ NCCS,BUKIT MERAH,hospital,1.2794289,103.8366164
Health Centre,ORCHARD,hospital,1.3045755,103.8340344
Simei Medical Centre,TAMPINES,hospital,1.3432366000000002,103.9536521
Mao Medical Centre & Surgery,BUKIT MERAH,hospital,1.2773683,103.8319941
Vital Healthcare Pte Ltd,ANG MO KIO,hospital,1.3724476,103.8461031
Raffles Medical Northpoint City,YISHUN,hospital,1.4295657,103.8361296
NKF Integrated Renal Centre supported by The Sirivadhanabhakdi Foundation,JURONG WEST,hospital,1.3455873,103.7164583
La Salle Restaurant Pte Ltd,GEYLANG,hospital,1.3144296999999998,103.8913011
kalikovil,ROCHOR,hospital,1.3073521,103.8517005
Claudia,BUKIT MERAH,hospital,1.2818578,103.8275781
East Shore Hospital Pte Ltd,BEDOK,hospital,1.3151065,103.9089728
Baldev Singh Cardiology Clinic Pte Ltd,BEDOK,hospital,1.3151254,103.9088708
Medic Surgical & Laser Clinic,OUTRAM,hospital,1.2748632,103.8426344
Parkway Hospitals Singapore Shell Hse,SINGAPORE RIVER,hospital,1.2929004,103.8430721
Khoo Teck Puat - National University Children's Medical Institute (NUHkids),QUEENSTOWN,hospital,1.2934826,103.7829273
All saints home,HOUGANG,hospital,1.3633011,103.8842337
SAF Khatib Camp Medical Centre,YISHUN,hospital,1.4231764999999998,103.8289856
Denis Cheong Dr,NEWTON,hospital,1.3055915,103.8354837
Lam Baby & Child Clinic,NEWTON,hospital,1.3050017,103.8358139
Communication For Life Pte. Ltd.,MARINE PARADE,hospital,1.3043687,103.903388
Mount Elizabeth,KALLANG,hospital,1.3091918,103.8584076
WL&H Medical,TANGLIN,hospital,1.3077263,103.8200865
Sea Marshall Singapore,HOUGANG,hospital,1.3641651,103.8929442
HC Endoscopy & Piles Centre (Hillford),BUKIT TIMAH,hospital,1.3443698,103.7693079
University Health Service,WESTERN WATER CATCHMENT,hospital,1.3455673,103.6825955
Well Medical Clinic,PASIR RIS,hospital,1.3789457,103.9372195
Singapore Buddhist Welfare Services NKF,HOUGANG,hospital,1.352898,103.888838
One North Meditation Spaces,QUEENSTOWN,hospital,1.3033719,103.7893271
Goldzone Medical Clinic,OUTRAM,hospital,1.2788889,103.8434653
Alvernia Health Screening Centre,TOA PAYOH,hospital,1.3419083,103.8379548
Anandakumar,ORCHARD,hospital,1.303152,103.823715
Ang Peng Chye Dr,ORCHARD,hospital,1.3031601000000002,103.8237124
SingHealth Investigational Medicine Unit,BUKIT MERAH,hospital,1.2809841999999998,103.8388793
"Parkway Cancer Centre Singapore - Mount Elizabeth Medical Centre, Level 10",NEWTON,hospital,1.305605,103.835526
Neptune Healthcare Medical and Surgery,TAMPINES,hospital,1.3535108,103.9584973
Uber Aesthetic Clinic,DOWNTOWN CORE,hospital,1.290226,103.8497253
Medical House The,BUKIT MERAH,hospital,1.2851458999999998,103.82146
Pathology,NOVENA,hospital,1.3216828,103.8465611
First Medical Centre - Yishun,YISHUN,hospital,1.4333795,103.8292685
Dr tan Clinic,CENTRAL WATER CATCHMENT,hospital,1.363601,103.7924975
Dr Khoo Boo Chai,MARINE PARADE,hospital,1.3011289,103.9057684
OmniMed Healthcare,BUKIT TIMAH,hospital,1.3143003999999998,103.8025879
Clyde Lane Dr,DOWNTOWN CORE,hospital,1.2789847,103.8490758
Nant Jar Sin Tar,BEDOK,hospital,1.3179616000000005,103.9115744
Age-Link Specialist Clinic for Older Persons,ORCHARD,hospital,1.3042138,103.8345467
Heah Colorectal Endoscopy & Piles Centre,NEWTON,hospital,1.3058901000000005,103.8362512
"Tan Yong Seng Heart, Lung & Vascular Surgery Pte. Ltd.",NEWTON,hospital,1.3055915,103.8354837
C H Lim Cardiology Clinic,NEWTON,hospital,1.3050616000000002,103.8354395
Surgery Centre For Children: Paediatric Clinic,NEWTON,hospital,1.304662,103.835689
Clinical Neuroscience Services Pte Ltd,NEWTON,hospital,1.305083,103.8353626
Jurong Health,JURONG EAST,hospital,1.3346098999999998,103.7441253
SGH Specialist Clinic at Gleneagles,TANGLIN,hospital,1.3075127,103.8197329
"Infinity Hand, Wrist & Reconstructive Surgery Centre (Mount Alvernia)",TOA PAYOH,hospital,1.3418894,103.8379466
C.W.Lee Clinic for Women and Surgery Pte Ltd,OUTRAM,hospital,1.2856541,103.8440255
Astute Medical Centre,MARINE PARADE,hospital,1.3069216,103.9045661
DR Belter,PASIR RIS,hospital,1.3787206,103.9419626
Fire Post,PASIR RIS,hospital,1.368442,103.957359
Cassia Clinic & Surgery,GEYLANG,hospital,1.3096919,103.8843322
Gian Min Medical Centre,QUEENSTOWN,hospital,1.2938325000000002,103.8025977
Kanlife Asia Pte Ltd,SINGAPORE RIVER,hospital,1.2873139999999998,103.8473998
C K Yong Surgery & Breast Clinic,TOA PAYOH,hospital,1.3419181,103.8375243
Liew Yow Ming Dr,TOA PAYOH,hospital,1.3421217,103.8377029
DR Consultancy Services Pte Ltd,DOWNTOWN CORE,hospital,1.2848757,103.8520896
KKH Department of Child Development (DCD),KALLANG,hospital,1.3106633,103.8468054
Mayfair Medical Clinic,WOODLANDS,hospital,1.4350614,103.775972
"The Hearing Specialist, Mount Alvernia",TOA PAYOH,hospital,1.3419083,103.8379548
Pediatrician Neurologist,NOVENA,hospital,1.3252401000000005,103.8417397
bioDYNE Labs (Singapore) Pte. Ltd.,DOWNTOWN CORE,hospital,1.282026,103.851909
Alvernia Parentcraft Centre,TOA PAYOH,hospital,1.3419083,103.8379548
Toyu Medical Centre,JURONG EAST,hospital,1.344919,103.730762
Ang Sing Jim Roy,YISHUN,hospital,1.4167918,103.8345779
TAKYAH NAK KEPOHHHH,BOON LAY,hospital,1.3172125,103.7166295
Guatemala,QUEENSTOWN,hospital,1.2978572,103.7883913
St Luke Eldercare Sengkang,SENGKANG,hospital,1.3891201000000002,103.9074884
NUH Child Development Unit @ Jurong Medical Centre (CDU@JMC),JURONG WEST,hospital,1.3404456,103.704392
Sembawang Air Base Medical Centre,MANDAI,hospital,1.4187104,103.8169136
Loo Leong Sie Medical Hall,TOA PAYOH,hospital,1.337029,103.886432
Singapore Medical Specialists Centre,ORCHARD,hospital,1.303908,103.835574
CGO Site,CHANGI,hospital,1.3464136999999998,103.9730188
St Luke's Hospital,BUKIT BATOK,health,1.3493911,103.7420877
Dr Lynette Ngo - Breast Oncologist Singapore,ROCHOR,hospital,1.3127619,103.8545562
prestige radiology & diagnostic center pte ltd,DOWNTOWN CORE,hospital,1.2840439,103.8507312
Advance Renal Care Centre,ORCHARD,hospital,1.3060711,103.831724
Singapore Christian Church,PUNGGOL,hospital,1.4007127,103.9098655
Farrer Park Medical Centre,ROCHOR,hospital,1.3127619,103.8545562
Raffles Japanese Clinic,ORCHARD,hospital,1.3066394,103.8312554
Myat Saydanar Medical Center,DOWNTOWN CORE,hospital,1.2923407,103.8508826
Asian American Liver Centre,TANGLIN,health,1.307408,103.820047
Sata Commhealth Community Hub,SENGKANG,hospital,1.3926040000000002,103.873258
Bukit Panjang Camp Medical Centre,BUKIT BATOK,hospital,1.370549,103.7616118
ccapc,BEDOK,hospital,1.3174166,103.9054893
Ogl Medical Pte. Ltd.,KALLANG,hospital,1.3164425,103.8580428
Thomson Medical Centre Balestier Warehouse Building,NOVENA,hospital,1.3264993,103.8519853
"Child Guidance Clinic, Institute of Mental Health",HOUGANG,hospital,1.3823865,103.8840904
Blue Cross Thong Kheng Home,JURONG EAST,hospital,1.3496246,103.7289421
Da Costa J L,ORCHARD,hospital,1.30147,103.83742
citizen,BEDOK,hospital,1.3135008,103.9084547
AcuHealth TCM Medical Centre,TAMPINES,hospital,1.3598358999999998,103.9535112
Dom,PASIR RIS,hospital,1.3748363,103.9503183
NUCOH clinic,CLEMENTI,hospital,1.3094324,103.7697162
Balkis bte Akbar Ali,BEDOK,hospital,1.3336823999999998,103.9152562
TANGS CLINICAL CENTRE TCM,DOWNTOWN CORE,hospital,1.2981502,103.8555656
Joyhealth Medical Clinic & Surgery,TAMPINES,hospital,1.3495527,103.9326127
Canterbury Family Clinic & Surgery,CLEMENTI,hospital,1.313511,103.766986
Saint luke,BUKIT BATOK,hospital,1.3471793,103.7412944
NFK Amk,ANG MO KIO,hospital,1.3693596,103.8580231
Neecare Medical Centre,BUKIT BATOK,hospital,1.3596429,103.7507158
Critical Care Centre,WOODLANDS,hospital,1.4396057,103.8006882
Johns Hopkins Singapore,NOVENA,hospital,1.3212333,103.84590190000002
Q & M Mutual Healthcare Medical Clinic,PUNGGOL,hospital,1.4055096000000002,103.9025416
Horizon Medical Centre,BISHAN,hospital,1.3516615,103.8360262
Eye Clinic,ANG MO KIO,hospital,1.3722747,103.8479773
Apollo Medical Centre Pte. Ltd.,ROCHOR,hospital,1.3079344,103.851763
singapore medical centre,ORCHARD,hospital,1.3063036,103.8269898
Tai Chong Fatt Medical Hall,TAMPINES,hospital,1.3392540000000002,103.941341
ECC/NDCC,OUTRAM,hospital,1.2837595,103.8428391
SMG Specialist Centre @ Paragon,ORCHARD,hospital,1.3045156999999998,103.835955
My Family Clinc,PUNGGOL,hospital,1.4084215,103.8987714
Clinic,CHOA CHU KANG,hospital,1.379906,103.7482762
Schmidt BioMedTech (S) Pte Ltd,BUKIT MERAH,hospital,1.285246,103.8115735
Ruby Medical Centre Pte. Ltd.,TAMPINES,hospital,1.3554003,103.9451369
Chua Medical Clinic and Surgery,BUKIT BATOK,hospital,1.34868,103.7514575
Time Traditional Chinese Medical Acupuncture Centre,SERANGOON,hospital,1.3567531000000002,103.8736176
Treanne,HOUGANG,hospital,1.3671625,103.883308
Healthwerkz Medical Centre,CHOA CHU KANG,hospital,1.3809513,103.7451253
ReinHealth Pte Ltd (Health Screening),ORCHARD,hospital,1.306144,103.827932
Sp Clinic,BUKIT PANJANG,hospital,1.377329,103.7679069
FGPC.Thanikan Vilai,PIONEER,hospital,1.320493,103.6702789
Forum Medical Clinic,ORCHARD,hospital,1.306069,103.8286
TTSH Community Charity Fund (Donation & Fund-Raising) - Tan Tock Seng Hospital,NOVENA,hospital,1.3210356,103.8457124
Apex Medical Centre Pte Ltd,JURONG WEST,hospital,1.3413620000000002,103.6914075
Moby Dick Island,SENGKANG,hospital,1.3849079,103.8994316
The Respiratory Practice,TANGLIN,hospital,1.3069794,103.8201235
Crescent Road,GEYLANG,hospital,1.3134818,103.8995063
"National University Centre for Organ Transplantation (NUCOT), National University Hospital",QUEENSTOWN,hospital,1.2947339,103.7828516
United PCN,KALLANG,hospital,1.3196178,103.865015
Woodlands Health Campus,DOWNTOWN CORE,hospital,1.2798207,103.8458581
St Andrew's Mission Hospital (Former),DOWNTOWN CORE,hospital,1.28052,103.845203
Surrey Technologies,GEYLANG,hospital,1.3203819,103.8979829
Medic Network Llp,HOUGANG,hospital,1.372613,103.8846381
Mount E Novene speciality clinic,SENGKANG,hospital,1.3951088,103.862167
Asian American Radiation & Oncology,TANGLIN,hospital,1.3075913,103.8199212
Integrated Care Hub,NOVENA,hospital,1.3232409,103.8467308
G I F T Medical Centre,TOA PAYOH,hospital,1.3331428,103.8787445
Servis Speda motor,SERANGOON,hospital,1.3451787,103.8703279
The Military Medicine Institute,QUEENSTOWN,hospital,1.2962437,103.7813757
InSync Medical ( East @ Katong ),MARINE PARADE,hospital,1.3049899,103.9040018
Tan Tock Seng Hospital Physiotherapy,NOVENA,hospital,1.3213087,103.8461855
King George's medical clinic,KALLANG,hospital,1.3080621,103.8606415
Health Centre,DOWNTOWN CORE,hospital,1.2960419,103.8592395
Raffles Medical - Airport Terminal 3,CHANGI,hospital,1.3542118,103.9852135
Scotts Medical Center,ORCHARD,hospital,1.3064921,103.8321486
KCS Medical Centre Pte Ltd,BEDOK,hospital,1.3320873,103.9299429
Heah Endoscopy and Piles Centre (Bukit Batok),BUKIT BATOK,hospital,1.3486764999999998,103.75177940000002
Healthway medical,KALLANG,hospital,1.3153658,103.8645117
Helix Aesthetics and Medical Clinic,DOWNTOWN CORE,hospital,1.278027,103.8479839
DERMATOLOGY & SURGERY CLINIC (ORCHARD) PTE LTD,ORCHARD,hospital,1.3039054,103.8355763
Anne Hagarty,ORCHARD,hospital,1.3043527,103.8357234
"Singapore Heart, Stroke & Cancer Centre",ORCHARD,hospital,1.303908,103.835574
Novena Psychiatry Clinic,NOVENA,hospital,1.3199572,103.8439076
The NeuroSpine and Pain Center Singapore,NEWTON,hospital,1.3053,103.835303
Asia Healthpartners,ORCHARD,hospital,1.3044041000000002,103.8343171
Dr. Irene Teo Children's Clinic,BUKIT MERAH,hospital,1.286272,103.8289528
East Coast,MARINE PARADE,hospital,1.3108594999999998,103.9042859
Allwares Pte Ltd,BUKIT BATOK,hospital,1.3568178,103.7617049
Centramed International Pte Ltd,HOUGANG,hospital,1.3728871,103.8860348
PIONEER MEDICAL CENTRE,JURONG WEST,hospital,1.337293,103.6967791
"Block 4, Institute of Mental Health",HOUGANG,hospital,1.3829482,103.8835673
Nee Soon Medical Centre,YISHUN,hospital,1.409928,103.815346
MHC Men's Health Clinic,DOWNTOWN CORE,hospital,1.2749455,103.8434094
NUH Kids Specialist Centre,QUEENSTOWN,hospital,1.293434,103.7830869
Kallang Polyclinic,KALLANG,hospital,1.3163777,103.8587973
Reste Medical Clinic,BUKIT TIMAH,hospital,1.343252,103.776182
Fong Ks Pte. Ltd.,TANGLIN,hospital,1.3076528,103.8198871
???? ????,DOWNTOWN CORE,hospital,1.290989,103.857422
Minh Kang Medicare Services Pte Ltd,GEYLANG,hospital,1.3144296999999998,103.8913011
Kwan Im Thong Hood Cho Temple-NKF Dialysis Centre,KALLANG,hospital,1.3211515,103.8657852
National Kidney Foundation,WOODLANDS,hospital,1.4387231000000005,103.7892495
Yeo Seem Huat Psychiatric Clinic,ORCHARD,hospital,1.3040089,103.8356082
Mount alizabet,NEWTON,hospital,1.3057624,103.8359698
Inez Psychological Well-Being Clinic,BUKIT TIMAH,hospital,1.3298343,103.7994841
ParkwayHealth,SINGAPORE RIVER,hospital,1.292614,103.843285
VHL site,OUTRAM,hospital,1.2819722,103.8378626
Kiddies Clinic Pte Ltd,ORCHARD,hospital,1.3044832,103.8361703
TTSH CCU,NOVENA,hospital,1.3212298999999998,103.8461637
Besli Roma Byd Restaurant,TOA PAYOH,hospital,1.3402903,103.8474509
New Changi Extension Hosp,TAMPINES,hospital,1.3391935,103.9493312
ZHI QI CHINESE PHYSICIAN & ACUPUNCTURE,YISHUN,hospital,1.4342159,103.8389919
RadLink,QUEENSTOWN,hospital,1.2897169,103.779865
Institute of Mental Health,HOUGANG,hospital,1.3793342,103.8826989
Tan Tock Seng Hospital Annex 1,NOVENA,hospital,1.3225093,103.846493
Parkway Cancer Centre Singapore - Mount Elizabeth Hospital,NEWTON,hospital,1.304856,103.835402
HPV,CLEMENTI,hospital,1.3138283000000002,103.7593183
WHC Site Office,WOODLANDS,hospital,1.4274553,103.7976688
KCS Medical Group,BEDOK,hospital,1.3368124,103.9253785
Precious Medical Centre,NEWTON,hospital,1.3045279,103.8364903
SKN MediAesthetics (Parkway Parade),MARINE PARADE,hospital,1.3013718,103.905449
G P Medical Centre & Surgery,ROCHOR,hospital,1.3007534,103.8495316
Fresenius Medical Care Bedok Reservoir Dialysis Center,BEDOK,hospital,1.3377536,103.9213856
Paragon Medical drop off point,ORCHARD,hospital,1.3043055,103.8356983
Health Centre NTU,WESTERN WATER CATCHMENT,hospital,1.3454276,103.6826525
Bridge Bariatrics,NEWTON,hospital,1.3045739,103.835553
Bs Ooi Colorectal Surgery Pte Ltd,NEWTON,hospital,1.3045739,103.835553
Ascend Medical Pte Ltd,NEWTON,hospital,1.3045739,103.835553
Chua Tju Siang Pte Ltd,NEWTON,hospital,1.3045739,103.835553
Dolly Wee Clinic & Surgery For Women,NEWTON,hospital,1.3045739,103.835553
"SNEC Retina Centre, DMC",BUKIT MERAH,hospital,1.2807292,103.8366871
Body talk clinic,TANGLIN,hospital,1.322747,103.814417
"Dr Stephen Chew Centre for Kidney Disease & Hypertension, Mt Alvernia Hospital",TOA PAYOH,hospital,1.3418961,103.8386475
Raffles Medical T4,CHANGI,hospital,1.338943,103.9838195
Parkway Health Singapore (Patient Assistance Centre),SINGAPORE RIVER,hospital,1.2929332,103.8429565
??????? ???????? ???????,QUEENSTOWN,hospital,1.2936727,103.7845693
Dr Anselm Lee Chi-Wai,NEWTON,hospital,1.3055915,103.8354837
Syndrome hospital,DOWNTOWN CORE,hospital,1.2991589,103.8589325
Cross Street Medical Clinic,OUTRAM,hospital,1.2845751,103.8452941
HC Endoscopy & Piles Centre (GM),QUEENSTOWN,hospital,1.3101569,103.7889714
PUDO A04,ORCHARD,hospital,1.3045335,103.835788
SKH Ambulance Bay,SENGKANG,hospital,1.3955116,103.8940375
Herbal Care Homeopathic Clinic,ROCHOR,hospital,1.3058714,103.8515488
Raffles Specialists,ORCHARD,hospital,1.3066207,103.8314263
Advanced Centre for Reproductive Medicine,TANGLIN,hospital,1.307945,103.819453
Lifescan Medical Centre (Novena) by SMG,NOVENA,hospital,1.3206513,103.8443689
Singapore Oncology Consultants At Farrer Park,ROCHOR,hospital,1.312419,103.8543424
Farrer Park Specialist Centre,ROCHOR,hospital,1.312419,103.8543424
Digestive & Liver Surgery (Gleneagles),TANGLIN,hospital,1.3076528,103.8198871
B?nh vi?n Kk,DOWNTOWN CORE,hospital,1.2895301,103.8632483
Civil Defence Academy Complex Medical Centre,WESTERN WATER CATCHMENT,hospital,1.3656911,103.6902882
Tan Tock Seng Hospital Basement Carpark,NOVENA,hospital,1.321683,103.8465247
Ang Mo Kio Polyclinic,ANG MO KIO,hospital,1.3743062,103.8456004
Mediway Medical Centre,ROCHOR,hospital,1.301357,103.849338
The Iron Suites Medical Centre,DOWNTOWN CORE,hospital,1.2780372,103.8479565
StarMed Specialist Centre,ROCHOR,hospital,1.3121593,103.8545103
Emergency Medical Ambulance Services Pte. Ltd.,SERANGOON,hospital,1.371882,103.8614196
Tcm,BUKIT MERAH,hospital,1.2865288,103.8082278
Sungei Gedong Medical Center,WESTERN WATER CATCHMENT,hospital,1.4196133,103.6972398
Healthsprings Medical & Laser Clinic (Potong Pasir),TOA PAYOH,hospital,1.3346518,103.871201
NUH,QUEENSTOWN,hospital,1.2948113,103.7787342
Triple-Harmony TCM Medical Centre,OUTRAM,hospital,1.2854337,103.8436813
Elephant Plaza,DOWNTOWN CORE,hospital,1.299809,103.85964090000002
"Block 5, Institute of Mental Health",HOUGANG,hospital,1.383478,103.8841022
Central 24-HR Clinic (Yishun),YISHUN,hospital,1.4300506000000002,103.8279321
Orient Dental Clinic Jurong East Blk 345,JURONG EAST,hospital,1.3458382,103.7315597
Cardiac Specialist Centre,NEWTON,hospital,1.3045467,103.8352893
Yen Dental Surgery Pte Ltd,PASIR RIS,hospital,1.3786994,103.9419908
SGH,PASIR RIS,hospital,1.358415,103.969151
Advance Dialysis Services Pte Ltd,KALLANG,hospital,1.3194406,103.8610927
The National University Hospital,QUEENSTOWN,hospital,1.2933881,103.7842699
Rej¨²veMagnetic Specialist Centre,ROCHOR,hospital,1.3122695,103.8545082
Tower A Ng Teng Fong hospital,JURONG EAST,hospital,1.3352176000000002,103.7441875
The Clinic Group @ Aperia,KALLANG,hospital,1.3097963,103.864179
?????????,PASIR RIS,hospital,1.3804375,103.9451952
SATA Commhealth Tampines Medical Centre,TAMPINES,hospital,1.3531422,103.9421835
Ren Ci Community Hospital,NOVENA,hospital,1.322866,103.845971
Selarang Medical Center,PASIR RIS,hospital,1.3682384,103.9753311
Atwood Oceanics Services,ORCHARD,hospital,1.3070758999999998,103.8293488
Bedok Polyclinic,BEDOK,hospital,1.3271771,103.9322442
"Block 6, Institute of Mental Health",HOUGANG,hospital,1.3840304,103.8845528
Pinnacle Family Clinic - Woodlands,WOODLANDS,hospital,1.4308426,103.7990303
Queenstown polyclinc,WOODLANDS,hospital,1.4338105,103.7931456
Singapore Brain-Spine-Nerves Center/A Neurosurgery Center of Excellence,NEWTON,hospital,1.304439,103.83526
Centre for Forensic Science,BUKIT MERAH,health,1.2821458,103.8368739
SUWEN TCM PTE LTD,BISHAN,hospital,1.352424,103.83489509999998
The Integrated Building CGH,TAMPINES,hospital,1.3410062,103.9485168
Chung Hwa Chinese Medicine Institute,TOA PAYOH,hospital,1.3323421999999998,103.8512849
Pioneer Polyclinic,JURONG WEST,hospital,1.3385851999999998,103.6990011
"The Family Doctor, Clinic & Surgery",BISHAN,hospital,1.352237,103.8349628
Best Astro Psychic,ROCHOR,hospital,1.3091045,103.8552688
"Multi-purpose Hall, IMH",HOUGANG,hospital,1.3830768999999998,103.885005
NUH Main Building Lobby B,QUEENSTOWN,hospital,1.2944222,103.7839667
Mayfair Medical Clinic (Yishun Chong Pang) & Sheraton Dental Surgery,YISHUN,hospital,1.4314258,103.8294408
Citizens Ambulance & Services Pte. Ltd.,TAMPINES,hospital,1.34368,103.956804
SATA CommHealth Ang Mo Kio Medical Centre,ANG MO KIO,hospital,1.371269,103.8458758
NHGP Toa Payoh Polyclinic,TOA PAYOH,hospital,1.3345499,103.858986
Skgh,SENGKANG,hospital,1.3936438,103.8931787
Block 21 MMD Main Store,QUEENSTOWN,hospital,1.2866082,103.7995842
Advanced Aesthetics & Surgery Pte. Ltd.,TOA PAYOH,hospital,1.341812,103.841072
Woodlands Medical Centre,WOODLANDS,hospital,1.446179,103.7737475
Check-Up Pte Ltd,ROCHOR,hospital,1.3056971000000002,103.854514
Singapore Medical Concierge,MARINE PARADE,hospital,1.3114157,103.9041743
Citymed Health Associates Pte Ltd,DOWNTOWN CORE,hospital,1.2729042,103.8422086
Aestmod Auto,GEYLANG,hospital,1.3154097,103.8855944
Esther Chuwa BreastCare,TANGLIN,hospital,1.307091,103.820231
Spine Neuro Specialist Centre,TANGLIN,hospital,1.307592,103.8199224
Dr Art Lee Psych & Counseling Clinic,TANGLIN,hospital,1.3073575000000002,103.8196046
Chen Walter Roland Dr,TANGLIN,hospital,1.307592,103.8199224
CCP M,LIM CHU KANG,hospital,1.4233129999999998,103.7031608
Asiamedic Wellness Assessment Centre,ORCHARD,hospital,1.3058292,103.8317094
Ang Mo Kio Thye Hua Kwan Hospital Admin Block,ANG MO KIO,hospital,1.3837138,103.8398828
Green Cross Medical Centre,TAMPINES,hospital,1.3490829,103.9324809
AsiaMedic Limited,ORCHARD,hospital,1.3060736000000002,103.83120759999998
NUH Medical Centre,QUEENSTOWN,hospital,1.2934082,103.7845638
Raffles Heart Centre,DOWNTOWN CORE,hospital,1.3013709999999998,103.857096
Chinatown Wellness Clinic,OUTRAM,hospital,1.2845124,103.845093
Dental Ear Nose Throat & Snoring Centre,NOVENA,hospital,1.320624,103.844436
Boey Wah Keong,TANGLIN,hospital,1.307583,103.8195431
Amk Veterinary Surgery (2009) Pte. Ltd.,CENTRAL WATER CATCHMENT,hospital,1.411681,103.786352
Nightingale - Doctors on Demand,DOWNTOWN CORE,hospital,1.2849248,103.8499703
Raffles Children's Centre,BUKIT TIMAH,hospital,1.3105556,103.7961149
EC Ng Medical Centre,KALLANG,hospital,1.3155523,103.8508309
Teo Wing Sang Chan Medical Hall,JURONG WEST,hospital,1.346517,103.712422
Day Rehabilitation Centre,ANG MO KIO,hospital,1.3841306999999998,103.8403791
Lifescan Medical Centre (Paragon) by SMG,ORCHARD,hospital,1.3039054,103.8355763
The Clinic @ One George Street,DOWNTOWN CORE,hospital,1.285657,103.847807
Asian American Radiation & Oncology,TOA PAYOH,hospital,1.341697,103.837378
Haw Par Healthcare Limited,BOON LAY,hospital,1.3279514,103.7185144
Grace (SL) Medical Centre,HOUGANG,hospital,1.3718567,103.8937407
National Healthcare Group Polyclinics,QUEENSTOWN,hospital,1.2989231,103.7898327
Headache,ORCHARD,hospital,1.3045455,103.8339451
Raffles Medical Raffles Dental,DOWNTOWN CORE,hospital,1.2911046999999998,103.8589279
Tampines Endoscopy & Surgery Centre,TAMPINES,hospital,1.34703,103.937957
Ang Mo Kio Medical Centre,ANG MO KIO,hospital,1.375193,103.839665
GSH Clinic &Surgery Pte Ltd,SERANGOON,hospital,1.3547995000000002,103.8768379
BMTC Medical Centre,NORTH-EASTERN ISLANDS,hospital,1.404691,104.0325102
SATA CommHealth Potong Pasir Medical Centre,TOA PAYOH,hospital,1.3290387,103.8699987
RP Medical Specialists,DOWNTOWN CORE,hospital,1.2840517,103.8506626
The Foot Practice Clinic,DOWNTOWN CORE,hospital,1.2781725,103.8480974
Angel Lay,CENTRAL WATER CATCHMENT,hospital,1.352083,103.819836
Neu Age Clinic,OUTRAM,hospital,1.278824,103.840594
Goodwill Ambulance Services,DOWNTOWN CORE,hospital,1.275921,103.84594
Raffles Medical,SENGKANG,hospital,1.3926519,103.8761231
Agape Clinic,BISHAN,hospital,1.358004,103.8483424
TTSH PAVILLION,NOVENA,hospital,1.3238727,103.8471973
Military Medicine Institute @ Kent Ridge,QUEENSTOWN,hospital,1.2963383999999998,103.7813088
Dr Lee Kim Shang,NEWTON,hospital,1.3055915,103.8354837
SATA CommHealth Jurong Medical Centre,JURONG EAST,hospital,1.333949,103.740152
Yeo Yee Chee Chinese Medical Hall,OUTRAM,hospital,1.28443,103.84622
St. Andrew's Community Hospital,TAMPINES,hospital,1.3417436000000005,103.9489198
Bus stop,KALLANG,hospital,1.3130959999999998,103.8508724
NTUC Health Family Medicine Clinic (previously Unity Family Medicine Clinic),SERANGOON,health,1.3521518,103.8722875
Bes Technology Pte Ltd,GEYLANG,hospital,1.325365,103.876665
Royal Medical Centre,WOODLANDS,hospital,1.4379871000000002,103.7820707
Daily Medical Centre,HOUGANG,hospital,1.351492,103.879335
Singhealth academy,BUKIT MERAH,hospital,1.2832255,103.818695
Breg Singapore Distribution,BISHAN,hospital,1.358564,103.833558
Singapore Genarel Hospital (SGH),BUKIT MERAH,hospital,1.2879263,103.832665
Sirivadhanabhakdi Foundation,JURONG WEST,hospital,1.3432908,103.6888324
Parkway Shenton,QUEENSTOWN,health,1.2742982,103.8013857
Aesthetic & Reconstructive Centre,BEDOK,hospital,1.3151254,103.9088708
Adidah Bte Hassan Dr,TAMPINES,hospital,1.3486733999999998,103.9345656
Oxford Medical Centre,PASIR RIS,hospital,1.3792718000000002,103.935947
Patrot Medicals,JURONG WEST,hospital,1.353433,103.7218255
"Block 1, Institute of Mental Health",HOUGANG,hospital,1.3827219,103.8853306
Klinik dr. Posma Hutabarat,BUKIT MERAH,hospital,1.2876274,103.8288073
Maurice choo clinic pte ltd,ROCHOR,hospital,1.3126528,103.8538969
Focus Medical Centre,CHOA CHU KANG,hospital,1.37998,103.7524661
Dermatology Associates,ROCHOR,hospital,1.3127619,103.8545562
Dermatology & Surgery Clinic (Shenton) Pte Ltd,DOWNTOWN CORE,hospital,1.284184,103.852536
Tan Tock Seng Hospital,NOVENA,hospital,1.3208347,103.8454137
Far East Hospitality Services Pte. Ltd.,DOWNTOWN CORE,hospital,1.2800508999999998,103.8519175
St Luke's ElderCare Ang Mo Kio Residence,ANG MO KIO,hospital,1.3682685,103.840314
Tan Tock Seng Hospital,NOVENA,hospital,1.3213978000000002,103.8458194
Jurong Medical Centre,JURONG WEST,hospital,1.3407136,103.7044
Sree Nara Mission,YISHUN,hospital,1.4304017,103.8310578
Chen Tsung Mong Beatrice Dr,BEDOK,hospital,1.3151919,103.9090302
Uber Aesthetic Clinic,MARINE PARADE,hospital,1.3043127,103.9040744
Martin Medical Centre,WOODLANDS,hospital,1.4378613,103.7820693
AAY FORMULATIONS,BUKIT MERAH,hospital,1.2842121000000002,103.8270482
Island Veterinary Clinic (Northeast) Pte. Ltd.,BEDOK,hospital,1.328604,103.937271
SAFTI MI Medical Centre,JURONG WEST,hospital,1.3371499,103.6792683
"Infinity Hand, Wrist & Reconstructive Surgery Centre",TOA PAYOH,hospital,1.3417034,103.8385032
UMC Medicare center,QUEENSTOWN,hospital,1.297575,103.7992476
SGH Blocks 6 / 7,BUKIT MERAH,hospital,1.2804242,103.8348123
Fones Clinic,TANGLIN,hospital,1.3073478,103.8202146
Alfred Cheng Cardiac Care Pte Ltd,NEWTON,hospital,1.305425,103.835499
Boey Mee Leng,NEWTON,hospital,1.3050489,103.8354274
C K Sim General & Paediatric Surgery,NEWTON,hospital,1.3044258999999998,103.835166
M C Tong Cardiothoracic Surgery Pte Ltd,NEWTON,hospital,1.3055915,103.8354837
Chee K C Surgery,NEWTON,hospital,1.3050549,103.8354392
International Medical Clinic - Jelita,BUKIT TIMAH,hospital,1.317728,103.785876
Dorothy's Baby & Child Clinic,BUKIT TIMAH,hospital,1.3385566,103.7786133
CIP for JZ at Bukit Gombak,BUKIT BATOK,hospital,1.35266,103.753618
Hoe Ah Leong Surgery Pte Ltd,TANGLIN,hospital,1.307592,103.8199224
Kodachadri Ayurvedha,KALLANG,hospital,1.3145209999999998,103.855865
Lacto Asia Pte. Ltd.,SINGAPORE RIVER,hospital,1.288529,103.846784
Changi Medical Centre Pharmacy,TAMPINES,hospital,1.339887,103.9500225
Fusion Medical & Health Screening Centre,ORCHARD,hospital,1.3049874,103.8307553
Golden TCM,JURONG WEST,hospital,1.3493885,103.7259575
Clinic,KALLANG,hospital,1.307345,103.860105
Clearskin Medical Spa Pte Ltd,TAMPINES,hospital,1.353279,103.9418625
Pearl's Hill Care Home,OUTRAM,hospital,1.2865498,103.8416382
Ngee Ann Traditional Chinese Medicine Centre,BEDOK,hospital,1.322758,103.938598
Chong family clinic,CLEMENTI,hospital,1.3131084,103.7672512
Parkway Hospitals Singapore Technopark @ Chai Chee,BEDOK,hospital,1.3237241000000002,103.9207292
SCAL-NKF Dialysis Centre,YISHUN,hospital,1.4154532,103.8338508
Mount Alvernia Hospital,TOA PAYOH,health,1.3416001,103.8373567
TanChoo Suan,BEDOK,hospital,1.31039,103.921436
Q & M Medical Clinic (Serangoon Central),SERANGOON,hospital,1.3536883,103.8725101
Thomas Ho Surgery,TANGLIN,hospital,1.3076528,103.8198871
Kang Healthcare,QUEENSTOWN,hospital,1.2972941,103.787366
HOSTAL,GEYLANG,hospital,1.3127924,103.9030937
Admiralty Medical Centre (AdMC),WOODLANDS,hospital,1.4397745000000002,103.8008056
Catholic Medical Guild (CMG),ROCHOR,hospital,1.2983702,103.85136640000002
Yishun Community Hospital,YISHUN,hospital,1.423727,103.8373867
Camp Agatha,LIM CHU KANG,hospital,1.4363,103.701
Procross Medical Centre (Hougang),HOUGANG,hospital,1.378798,103.895177
CARE,BUKIT MERAH,hospital,1.2810468000000002,103.8388244
Diana Family Clinic,TOA PAYOH,hospital,1.338907,103.849576
Team Salon @ Jem (Aveda),JURONG EAST,health,1.333142,103.7433184
Walking On Sunshine at Orchard Central,ORCHARD,health,1.3007901000000002,103.8399648
Kelly Hair Concept,TAMPINES,health,1.353223,103.952592
Junction 8 Dental Surgery,BISHAN,dentist,1.3492594,103.8490012
The Oral Maxillofacial Practice,NOVENA,dentist,1.3220241,103.8443011
Neptune Dental Group Tampines,TAMPINES,dentist,1.3540008999999995,103.9614204
Schlegel Pty. Ltd.,BEDOK,dentist,1.3345603,103.9008053
Nuffield Dental Kovan,HOUGANG,doctor,1.36194,103.884927
Wong & Partners Dental Surgeons,ORCHARD,dentist,1.3013399,103.8407241
Neua Dental,BUKIT MERAH,dentist,1.2872753,103.8054027
Straighten Orthodontics,NEWTON,dentist,1.305083,103.8353627
White Dental Group,NEWTON,dentist,1.3161881000000002,103.8358202
Garden Dental Clinic,TANGLIN,dentist,1.3224651,103.815938
Dental Concepts,ORCHARD,dentist,1.3071536,103.8286012
The Dental Specialist,ORCHARD,dentist,1.3062265,103.8266074
Cozy Dental Group Pte Ltd,NOVENA,dentist,1.3207882,103.8441968
Root Canal Treatment in Singapore | Lam Dental Surgery,ORCHARD,dentist,1.3014488000000002,103.8372499
Foong Dental Surgery,QUEENSTOWN,dentist,1.2995131000000002,103.8033699
One Orthodontics Dental Surgery,NOVENA,dentist,1.3207787,103.8442072
Orchard Dental Surgery,ORCHARD,dentist,1.301317,103.841225
dentalCARE,ORCHARD,dentist,1.306364,103.827018
IT Dental Surgery,SINGAPORE RIVER,dentist,1.291734,103.842529
The Orthodontic Clinic Pte. Ltd.,ORCHARD,dentist,1.306598,103.832087
B & F Dental Clinic,BUKIT TIMAH,dentist,1.3311915,103.7946634
GLOW Dental Singapore,ORCHARD,dentist,1.306069,103.8286
Sharon Dental Surgery,TANGLIN,dentist,1.322574,103.813679
DENTAL ESSENCE,ORCHARD,doctor,1.3052491000000002,103.8246173
Neptune Dental Group,BEDOK,dentist,1.3279450000000002,103.9254562
The Smile Cliniques,BUKIT TIMAH,dentist,1.3388495,103.7786133
Dr TC Chang,NOVENA,doctor,1.3254629,103.8414575
Lien Clinic For Women,NEWTON,doctor,1.3055915,103.8354837
Dr Ang Peng Tiam,NEWTON,hospital,1.3055915,103.8354837
WL&H Medical,ORCHARD,hospital,1.3063433999999998,103.83186059999998
Chiropractor in Singapore - Light Chiropractic,DOWNTOWN CORE,doctor,1.2840517,103.8506626
Anne's Baby And Child Clinic,JURONG EAST,doctor,1.3391687,103.7393763
The Baby and Child Clinic,BUKIT BATOK,doctor,1.3487013,103.7518834
OneCare Medical Clinic Boon Lay,JURONG WEST,doctor,1.3463204,103.7129266
Greenlink Medical Clinic,YISHUN,doctor,1.4168221,103.8314898
Thomson Women’s Clinic,SEMBAWANG,doctor,1.4482678,103.8196887
The Rhinoplasty Clinic,NOVENA,doctor,1.3222428,103.8443749
The Harley Street Heart and Vascular Centre (Gleneagles),TANGLIN,hospital,1.3074059999999998,103.819758
East Coast Podiatry (Kembangan),BEDOK,doctor,1.3203746,103.9124957
KH Ng Surgery: Colorectal Surgery - Dr Ng Kheng Hong,TANGLIN,doctor,1.3074629999999998,103.820296
Health & Fertility Centre for Women - Gynaecologist in Singapore,NEWTON,doctor,1.305425,103.835499
HC Orthopaedic Surgery - Total Knee Replacement & Knee Pain Orthopaedic Surgeon,NEWTON,doctor,1.3063,103.836232
Charles Tan Surgery,NOVENA,doctor,1.322001,103.844259
The EyeClinic by Dr Cheryl Lee,ORCHARD,doctor,1.3020763000000002,103.8362083
Colin Tham Plastic Surgery Clinic,ORCHARD,doctor,1.304576,103.834034
"Hygieia Strength & Conditioning, a Starting Strength Affiliate gym",GEYLANG,health,1.313131,103.8958272
9Round Upper Thomson Road,BISHAN,health,1.3516053999999995,103.8352719
Breathe Pilates,NOVENA,health,1.320764,103.84426
Energia Fitness Club,SINGAPORE RIVER,health,1.2892694,103.8442408
NorthStar Gymnastics & Fitness,GEYLANG,health,1.3189573,103.8945348
Elevate 360,SERANGOON,health,1.3647724,103.8656901
Fitness First - Alexandra (Mapletree Business City),QUEENSTOWN,health,1.2746936000000002,103.7997452
Amore Fitness & Boutique Spa,MUSEUM,health,1.2999743,103.845354
Fitness First - Tampines (CPF building),TAMPINES,health,1.3530373,103.9435405
Anytime Fitness Bedok South Bedok CC,BEDOK,health,1.3243973999999998,103.936157
Pure Wellness Studio Singapore,OUTRAM,health,1.278104,103.8429808
Rising Fitness-Personal Training Singapore,TANGLIN,health,1.2936999,103.826799
Kinetics Climbing,KALLANG,health,1.3146288000000002,103.8573479
PURE Yoga Suntec City,DOWNTOWN CORE,health,1.2958146,103.8588657
Absolute Cycle @ Millenia Walk,DOWNTOWN CORE,health,1.2920715,103.859851
BoOm Singapore,DOWNTOWN CORE,health,1.2820797,103.8496002
Eco Lifestyle Fitness Pte Ltd,OUTRAM,health,1.2857674,103.84397690000002
Off Duty Pilates (Tanjong Pagar),OUTRAM,health,1.2775615,103.8431277
Power Kids,SINGAPORE RIVER,health,1.292039,103.842707
Trium Fitness,KALLANG,health,1.309362,103.864132
EMERGENCY - Hospital,JURONG EAST,hospital,1.3334636999999998,103.7459689
NUH Jurong,JURONG EAST,hospital,1.3347129999999998,103.739339
National Healthcare Polyclinics,JURONG WEST,hospital,1.3331961,103.7047341
A24 Medical Social Services,JURONG EAST,hospital,1.3345194,103.7443897
Ng Teng Fong Hospital Tower B,JURONG EAST,hospital,1.3335339,103.7454237
SGH Block 4,BUKIT MERAH,hospital,1.2795343,103.83530079999998
Concord International Hospital,BUKIT TIMAH,hospital,1.3267987,103.813415
Bukit Batok Nature Park,BUKIT BATOK,park,1.3485421,103.7641994
Katong Dog Run,MARINE PARADE,park,1.2964538,103.885949
Katong Park,MARINE PARADE,park,1.2964004999999998,103.8881303
Buangkok Sports Park,HOUGANG,park,1.382618,103.8794057
Yew Tee Park,CHOA CHU KANG,park,1.3971363,103.7435134
Alexandra Park Connector,BUKIT MERAH,park,1.2926563999999998,103.8173031
Choa Chu Kang Park,CHOA CHU KANG,park,1.386865,103.7472637
Jurong Hill Park,BOON LAY,park,1.3177367,103.7077834
Baxter Healthcare (ASIA) Pte Ltd,DOWNTOWN CORE,pharmacy,1.2984854,103.8592869
National Healthcare Group Pharmacy - Jurong,JURONG EAST,pharmacy,1.3496616,103.7308215
Becton Dickinson Critical Care Systems Pte Ltd,YISHUN,pharmacy,1.439707,103.834158
Phoenix Rehab @ Novena,NOVENA,health,1.3206356,103.844392
Orchard Health Clinic,ORCHARD,doctor,1.302099,103.838231
MEROSKIN,DOWNTOWN CORE,health,1.2760913,103.8462711
Mirage Aesthetic,ORCHARD,health,1.306752,103.827454
Paris Miki Plaza Singapura,MUSEUM,health,1.3001085,103.844793
Aderans Salon (Total Hair Solution),ORCHARD,health,1.3061653,103.8310002
Eye V Optics,BUKIT TIMAH,health,1.3241372,103.8097662
Fu Shan Garden,WOODLANDS,park,1.4404382,103.7891494
Little Guilin,BUKIT BATOK,park,1.3556383,103.7545107
Yong Loo Lin School of Medicine,QUEENSTOWN,health,1.2963801,103.7818136
Mama Patisserie,NOVENA,health,1.3209381000000002,103.8439232
Slim Couture Pte Ltd - Weight Loss Program Singapore,MUSEUM,health,1.298146,103.8441579
Dr Cindy's Medical Aesthetics Clinic- Tampines One,TAMPINES,health,1.3541233999999998,103.9452025
Jean Yip Group,BEDOK,health,1.333543,103.903467
Peachy Skin Bar,KALLANG,health,1.3022946000000002,103.8623895
EstheClinic Singapore (Tanjong Pagar),OUTRAM,health,1.2775828000000002,103.8442343
Rogue and Beyond,OUTRAM,health,1.2806556,103.8477417
Miracle Wax Parlour,DOWNTOWN CORE,health,1.278646,103.8484196
Wink Wax Wellness Tanjong Pagar,OUTRAM,health,1.2773878,103.8436718
Supersmooth - Robinson Road,DOWNTOWN CORE,health,1.2782211,103.8481796
Sarimbun Scout Camp,LIM CHU KANG,park,1.4373479999999998,103.701044
Mamam Campsite,NORTH-EASTERN ISLANDS,park,1.4184091,103.9755891
Jelutong Campsite,NORTH-EASTERN ISLANDS,park,1.4013775,103.9679081
Outward Bound Reception and Activity Centre,PUNGGOL,park,1.420661,103.9081829
BB / GB Campsite,SEMBAWANG,park,1.4615876,103.838187
Smileworks Dental – Implants & Orthodontics,ORCHARD,dentist,1.303864,103.8353591
G Dental Center,QUEENSTOWN,dentist,1.3080983,103.7864194
Aesthete Smilestudio,DOWNTOWN CORE,dentist,1.283847,103.852123
Luminous Dental (Bedok Point) - Invisalign & Dental Implants in SG,BEDOK,dentist,1.3250719,103.9324385
Dr Seow Dental Centre,QUEENSTOWN,doctor,1.307211,103.793196
Nourish Dental Care and Implants,MARINE PARADE,dentist,1.3060148,103.9056061
Dental Focus GSM Clinic,GEYLANG,dentist,1.3165813999999998,103.8980699
Doctor Wong Yew Cheong AA Dental Surgery,RIVER VALLEY,dentist,1.2958251,103.8392053
Oralcare Dental Surgeons,TAMPINES,dentist,1.3465957,103.9449515
Smile Inc Dental Surgeons,ORCHARD,dentist,1.302297,103.8361845
T & T Dental Surgery,BISHAN,dentist,1.3486839,103.8486067
Maritime Dental Surgery,BUKIT MERAH,hospital,1.276612,103.840361
Pure Dental - Tampines,TAMPINES,doctor,1.3452115,103.9453591
TLC Dental Centre,ORCHARD,doctor,1.3061076,103.8310537
Tay Dental Surgery,BUKIT TIMAH,dentist,1.3390111,103.7783646
Parkway Dental Practice,ORCHARD,doctor,1.306562,103.83215
Lee & Ong Dental Surgeons,ORCHARD,dentist,1.3053652,103.8301079
Covenant Dental Surgery,QUEENSTOWN,dentist,1.2935822,103.8036993
CODEN Specialists,ORCHARD,doctor,1.303908,103.835574
Ho Kee Hai & Partners,ORCHARD,dentist,1.3045634,103.8361625
Nanyang Dentist,GEYLANG,dentist,1.3119694,103.8768417
Noble Dental Surgery @ Yishun,YISHUN,doctor,1.424554,103.846593
Smiles R Us Dental,WOODLANDS,dentist,1.4459959,103.7984598
Smile Doctor,PUNGGOL,dentist,1.4064762,103.9015641
Caring Dental (Punggol),PUNGGOL,dentist,1.4018522,103.9138659
Bliss Dental (Punggol),PUNGGOL,dentist,1.3993951999999998,103.9072567
Life Dental Surgery,ANG MO KIO,dentist,1.37279,103.8464666
TSD Dental Group (Hougang),HOUGANG,dentist,1.3712555,103.893633
Neptune Medical & Dental Group,BEDOK,dentist,1.327988,103.925596
Excel Dental @ Downtown East,PASIR RIS,dentist,1.3769815,103.9544216
Toothcraft Dental Surgeons,BEDOK,dentist,1.311735,103.9215459
Ho Dental Surgery,MARINE PARADE,dentist,1.306356,103.915316
Luminous Dental (Tampines Plaza) - Invisalign & Dental Implants in SG,TAMPINES,dentist,1.3530909,103.9427236
Q & M Dental Surgery (Pasir Ris - White Sands),PASIR RIS,doctor,1.3726513,103.9494823
Elite Dental Group Pte. Ltd.,ORCHARD,dentist,1.3014117,103.8372446
The Dentist@Orchard Pte Ltd,ORCHARD,dentist,1.300769,103.839082
Smile Design Dental Practice @ Bukit Timah,TANGLIN,doctor,1.3225261,103.813692
Alexander Dental Associates (Audrey & Alexander Centre for General Dentistry),ORCHARD,dentist,1.3045755,103.8340344
T32 Dental Centre @ Camden,ORCHARD,doctor,1.3033039,103.8239218
Vivid Dental Surgeons (Tiong Bahru),BUKIT MERAH,dentist,1.2842495,103.8324209
Smilefocus Dental Clinic,ORCHARD,doctor,1.3031133999999998,103.8239919
Smile Inc. Dental Surgeons (Mandarin Gallery),ORCHARD,dentist,1.3019947,103.8361935
Tooth Angels & Co. - Coronation Plaza,BUKIT TIMAH,dentist,1.3234657,103.8105089
Bright Smile Dental Surgery (Tiong Bahru),BUKIT MERAH,dentist,1.2854793,103.8270035
MyBracesClinic | Invisalign | Incognito | Damon Braces Specialist,BUKIT TIMAH,dentist,1.310298,103.79638
DoctorxDentist,ORCHARD,doctor,1.3001684999999998,103.8372952
Greenlife Dental Clinic - Tiong Bahru,BUKIT MERAH,dentist,1.2854546,103.8267886
A Line Dental Braces Clinic Pte Ltd,DOWNTOWN CORE,dentist,1.291359,103.851346
Tooth Angels & Co Dental Centre,SINGAPORE RIVER,dentist,1.2891137,103.8466671
Joy Dental Centre (Bukit Merah),BUKIT MERAH,dentist,1.2831378,103.8167506
National Dental Centre Singapore,BUKIT MERAH,dentist,1.2795809,103.8383148
Petite Smiles Children's Dental Clinic,NOVENA,dentist,1.320794,103.844191
Le MinT'S Dental,DOWNTOWN CORE,dentist,1.291359,103.851346
Aesthetic Reconstructive Jaw Surgery Pte Ltd,NEWTON,doctor,1.304308,103.835086
NUS Faculty of Dentistry,QUEENSTOWN,dentist,1.2961701,103.7829859
School Dental Centre,BUKIT MERAH,dentist,1.279555,103.838369
Cosmetic & Dental Surgery Center,DOWNTOWN CORE,dentist,1.2914139999999998,103.857306
Braces & Implant Dental Centre,DOWNTOWN CORE,dentist,1.2747624,103.8439553
National Dental Centre Department of Orthodontics,BUKIT MERAH,dentist,1.279768,103.838629
Chris Dental Surgeon,MUSEUM,dentist,1.294389,103.8502925
Smile Direct Club,ORCHARD,dentist,1.3047411,103.8305926
NUH Dental Centre 3,QUEENSTOWN,dentist,1.295887,103.7833994
St. Andrew's Dental Surgeons,DOWNTOWN CORE,dentist,1.2747323999999998,103.8435957
"NTUC Health Denticare (previously Unity Denticare) – Ang Mo Kio (General Dental Treatments, Teeth Whitening, Dental Implants, Dental Braces, Scaling & Polishing)",ANG MO KIO,dentist,1.3696302,103.8482042
Dental Suites @ Bedok,BEDOK,dentist,1.3328818999999998,103.9394109
Westfield Dental Surgery,GEYLANG,dentist,1.3107711000000002,103.9011652
Smiles R Us Dental Centre,GEYLANG,dentist,1.3147105,103.8947542
An Dental,ORCHARD,dentist,1.3061653,103.8310002
DP Dental Kovan,HOUGANG,dentist,1.3595355,103.885497
NUFFIELD DENTAL SERANGOON GARDENS.,SERANGOON,doctor,1.3633733,103.86569140000002
GPA Dental Group,NOVENA,dentist,1.317561,103.8433802
My Family Dental Serangoon,SERANGOON,dentist,1.3544638,103.8711076
Dental Forté,NOVENA,dentist,1.3206053,103.8432372
Orchard Scotts Dental: Clear Aligner (Invisalign) and Aesthetics & Implant Centre,ORCHARD,dentist,1.3051935,103.8305934
Hosanna ! Dental Surgery,TOA PAYOH,dentist,1.3386559,103.8459874
Crystal Dental Care,SERANGOON,dentist,1.3534031000000002,103.872417
Winston OMP Advanced Dental Implantology,NOVENA,dentist,1.3207787,103.8442072
Winston Tan Oral Maxillofacial Surgery,NOVENA,dentist,1.3219925,103.8441038
L.C. Lien Dental Clinic,ORCHARD,dentist,1.3048025,103.83052990000002
King's Dental Surgery (Kovan),HOUGANG,dentist,1.3585245,103.8846987
The Dental Studio by SMG @ Paragon,ORCHARD,doctor,1.3044554,103.8360976
Smile Central Clinic (Smile Central Dental Centre Pte. Ltd.),GEYLANG,dentist,1.3191506000000002,103.88630340000002
Mount Elizabeth Orthodontic Clinic (MEOC),NEWTON,dentist,1.3055915,103.8354837
B9 Dental Centre (Clementi),CLEMENTI,dentist,1.3141375,103.7648803
"NTUC Health Denticare (previously Unity Denticare) – Jurong Point (General Dental Treatments, Teeth Whitening, Dental Implants, Scaling & Polishing)",JURONG WEST,dentist,1.3401584,103.7066263
ClearSmile Invisible Aligners,JURONG WEST,dentist,1.3338119,103.6973373
Pure NZ Dental,BUKIT TIMAH,dentist,1.3404996999999998,103.7740458
Ocean Dental Singapore (Clementi),CLEMENTI,dentist,1.302744,103.764503
Faith Dental Laboratories Pte Ltd,JURONG WEST,dentist,1.3339678,103.6972428
Heartland Dental,BUKIT BATOK,dentist,1.350055,103.749808
Lee & Ong Dental,CHOA CHU KANG,dentist,1.3782972,103.7544045
Smile Doctor,JURONG EAST,dentist,1.3336218999999998,103.7435016
Greenlife Dental Clinic - Yew Tee,CHOA CHU KANG,dentist,1.397851,103.7471117
Wow Dental Surgery Pte Ltd,JURONG WEST,dentist,1.349849,103.7189272
Trelleborg Sealing Profiles,BOON LAY,dentist,1.319068,103.713948
B9 Dental Centre (Marsiling),WOODLANDS,dentist,1.4310184,103.774046
Tanglin Dental,YISHUN,dentist,1.4330809,103.8413358
Dr Liew Dentist In Yishun,YISHUN,dentist,1.4299138,103.8336743
Yue Hwa Chinese Products,OUTRAM,health,1.2849598999999998,103.8434117
Zou Yumin TCM,ANG MO KIO,doctor,1.374855,103.849951
Drs Goh & Tan Family Clinic & Surgery,BISHAN,doctor,1.3591238,103.844546
W C Cheng & Associates,NOVENA,doctor,1.3254092,103.8415093
C H Koh Clinic For Women Pte Ltd,TOA PAYOH,doctor,1.3334153999999998,103.8480773
Anteh Dispensary,GEYLANG,doctor,1.3128254,103.8824525
Lisa Wong Women & Gynae Oncology Centre,NEWTON,doctor,1.304568,103.835363
Raffles Children's Centre,DOWNTOWN CORE,doctor,1.3012278999999998,103.857072
Dr Kenny Peter Pang,ORCHARD,doctor,1.30451,103.836184
Singapore Paincare Center,ORCHARD,doctor,1.3039054,103.8355763
Eye Specialist Clinic Pte Ltd,ORCHARD,doctor,1.3035358999999995,103.8356881
Allure Plastic Surgery,ORCHARD,doctor,1.30405,103.8324
Osteopathy & Podiatry,ORCHARD,doctor,1.306389,103.82861
Steve Seah Eye Centre,ORCHARD,doctor,1.3028289,103.8244986
Dr Jeeve - The ENT Clinic @ Mt Elizabeth Novena & Gleneagles,NOVENA,doctor,1.3219649,103.8444444
Leslie Kuek Plastic Surgery Clinic,NOVENA,doctor,1.3216975,103.844305
AMDA International Peace Clinic,TANGLIN,hospital,1.3084205,103.8191979
Speedoc,BUKIT MERAH,doctor,1.2735032,103.8040961
Cluny Court Family Dental,TANGLIN,doctor,1.3226733999999998,103.8142876
UFIT one-north,QUEENSTOWN,doctor,1.3002096,103.7883835
Nagulendran R Dr,ORCHARD,doctor,1.306364,103.827018
Sen B K Dr,ORCHARD,doctor,1.3061393,103.8272167
Ho Kok Sun Colorectal: Singapore Colon Surgeon,NEWTON,hospital,1.305083,103.8353626
Rexults Clinic,ORCHARD,doctor,1.3039781,103.8349218
Raffles Surgery Centre,DOWNTOWN CORE,doctor,1.301349,103.85715
S G Clinic Family Practice,SERANGOON,doctor,1.3642947,103.8648981
Julian Ong Endoscopy & Surgery,ANG MO KIO,doctor,1.370649,103.848021
MY Medical Aesthetics,ROCHOR,doctor,1.2989145,103.8540701
Shens Clinic - Korean Trained Plastic Surgery,ORCHARD,doctor,1.2996608,103.8402777
Kissun Chiropractic - Raffles Place,DOWNTOWN CORE,doctor,1.283847,103.852123
Nuffield Dental HarbourFront,BUKIT MERAH,doctor,1.2652637,103.8202445
Kissun Chiropractic - Siglap,BEDOK,doctor,1.312554,103.923317
Friends Dental Surgeons,TAMPINES,doctor,1.352608,103.953559
BURLINSON DENTAL SURGERY,BEDOK,doctor,1.312045,103.9221778
Dr. Kevin Yip Clinic Singapore,TANGLIN,doctor,1.3070738000000002,103.8199026
Dr Kevin Yip Man Hing (叶文兴医生) - Orthopaedic Surgeon Singapore,TANGLIN,hospital,1.3076257,103.8202012
Dr Colin Phipps Diong,NEWTON,hospital,1.3055915,103.8354837
East Coast Podiatry (Orchard),ORCHARD,doctor,1.304049,103.83485
Atlas Eye Specialist Centre @ Paragon Medical,ORCHARD,doctor,1.3039054,103.8355763
LSC Eye Clinic (previously The Lasik Surgery Clinic) by SMG,ORCHARD,doctor,1.3042489,103.8361125
Shinagawa Eye Centre,ORCHARD,doctor,1.3047411,103.8305926
Woffles Wu Aesthetic Surgery & Laser Centre,ORCHARD,doctor,1.3033039,103.8239218
Singapore Sports and Orthopaedic Clinic,TANGLIN,doctor,1.3076257,103.8202012
Dr Kenneth Oo Ear Nose Throat Head and Neck Surgery,NEWTON,doctor,1.3055915,103.8354837
East Coast Podiatry (Novena),NOVENA,doctor,1.3206356,103.844392
Dr Marlene Teo,ORCHARD,doctor,1.3061653,103.8310002
Dr Benjamin Tham,NOVENA,doctor,1.3254629,103.8414575
Specialist Orthopaedic Centre - Dr Kannan Kaliyaperumal,NOVENA,doctor,1.322236,103.8440388
National Skin Centre,NOVENA,doctor,1.3197673,103.8490639
Kids Clinic @ Bishan by SMG,BISHAN,doctor,1.3473673000000002,103.8494704
Dr Dennis Chua - ENT Surgeons Medical Centre,NEWTON,doctor,1.305595,103.835504
Sweng Plastic Aesthetic and Reconstructive Surgery,ROCHOR,doctor,1.3121764,103.8540894
Q & M Dental Centre,KALLANG,doctor,1.3114339,103.8568322
Freia Medical,NOVENA,doctor,1.3206053,103.8432372
Orthopaedic Clinic Singapore | Sports Clinic - Dr. Andrew Dutton,NEWTON,doctor,1.305627,103.835526
TWL Specialist Skin & Laser Centre,NOVENA,doctor,1.3206053,103.8432372
Dr Ong Kee Leong - Orthopaedic Surgeon & Sports Medicine Specialist Singapore,NOVENA,doctor,1.3219787,103.8440855
Astra Women's Specialists Centre by SMG,TOA PAYOH,doctor,1.3329774,103.8499893
Clearvision Eye Clinic & LASIK Centre - Dr. Tony Ho,NEWTON,doctor,1.30462,103.834633
Dr Wong May Ling Child & Cardiology Practice,ORCHARD,doctor,1.3043348999999995,103.8361743
Precision Spine Chiropractic,ORCHARD,doctor,1.3058671,103.8310873
Singapore Aesthetic Centre,NOVENA,doctor,1.3206513,103.8443689
Q & M Dental Surgery (Clementi Central),CLEMENTI,doctor,1.3135086,103.7654817
Amber Compounding Pharmacy,OUTRAM,health,1.2828871000000002,103.8458908
Knots & Gifts - Food & Drinks | Flower | Wedding Gifts,KALLANG,health,1.3161072,103.8682805
Ions Care Singapore,TOA PAYOH,health,1.3326401,103.8500005
Kate Porter Yoga East Coast,BEDOK,health,1.3100319,103.9319276
Bukit Canberra (Canberra Integrated Hub),SEMBAWANG,health,1.4490181999999998,103.8226951
BXG Boxing & Fitness,MARINE PARADE,health,1.3034940000000002,103.896567
AIDA FITNESS FOR HER,GEYLANG,health,1.3163432,103.9005335
Active Red - Women Only Kickboxing Fitness,DOWNTOWN CORE,health,1.2963436000000002,103.8559698
One Wellness,ROCHOR,health,1.3007545,103.8555329
Amore Fitness & Boutique Spa,TAMPINES,health,1.3542959,103.9449969
Innervate Fitness,KALLANG,health,1.3196952,103.8651566
Neue Fit,KALLANG,health,1.3028475,103.8733612
The Strength Yard,MARINE PARADE,health,1.308141,103.903407
Higher Performance SG,MARINE PARADE,health,1.3091398,103.8944494
Inspire Fitness,MARINE PARADE,health,1.3071735,103.9038732
SURFSET Singapore,KALLANG,health,1.304707,103.8761515
Bianka Panova Academy,BUKIT MERAH,health,1.2843440000000002,103.813836
Pilates For Therapy,GEYLANG,health,1.3144296999999998,103.8913011
Encore Muay Thai Fitness,MARINE PARADE,health,1.3064158,103.9045132
Anytime Fitness hillV2,BUKIT BATOK,health,1.3630203,103.7642127
Fight Pro-Motion,GEYLANG,health,1.311223,103.9011985
Virgin Active Tanjong Pagar,DOWNTOWN CORE,health,1.276859,103.845786
Tapout Fitness OUE Downtown Gallery,DOWNTOWN CORE,health,1.2771468,103.8485274
Fight G,SINGAPORE RIVER,health,1.2871173,103.8468995
"Move to Live — Strength & HIIT, Martial Arts and Yoga",QUEENSTOWN,health,1.3020457,103.7935227
FaMA - Fitness and Martial Arts,SINGAPORE RIVER,health,1.2899401,103.8448747
Movement & Sports Medicine Centre,KALLANG,health,1.3099761,103.8569801
Ground Up Climbing,KALLANG,health,1.3158251,103.8561832
Sky Gym Pte Ltd - Serangoon Gardens Branch,SERANGOON,health,1.3597681,103.8596263
Anytime Fitness Hougang Central,HOUGANG,health,1.370408,103.8950927
ActiveSG Gym at Ang Mo Kio Community Centre,ANG MO KIO,health,1.366953,103.84042
Hougang ActiveSG Sports Centre,HOUGANG,health,1.3706138,103.8885266
Kravist Singapore,TOA PAYOH,health,1.3363898,103.8872725
Fern Yoga Pilates & Therapy,SERANGOON,health,1.365696,103.86649
Anywhere Fitness,SEMBAWANG,health,1.461517,103.838153
Fitness Corner,YISHUN,health,1.4256323,103.8442895
Anywhere Fitness,MANDAI,health,1.427786,103.826449
My Priority Fitness,YISHUN,health,1.432351,103.828498
Nee Soon Sports Centre,YISHUN,health,1.4277046999999998,103.83850809999998
The Fitness Protocol,YISHUN,health,1.4396858,103.8348021
Basketball,YISHUN,health,1.4327762,103.8348351
Envirogym Performance Solution Pte Ltd,YISHUN,health,1.426236,103.845203
"LEVITISE - Lifestyle, Nutrition & Fitness Centre",OUTRAM,health,1.2848893999999995,103.8476821
WeBarre Tanjong Pagar,OUTRAM,health,1.2784903,103.8437047
Fitness Factory,SINGAPORE RIVER,health,1.2885301000000002,103.8491088
UFC GYM Singapore CityLink Mall,DOWNTOWN CORE,health,1.2913003,103.8551945
Ground Zero - Cross Street Exchange,OUTRAM,health,1.2835867,103.8470853
Anytime Fitness,QUEENSTOWN,health,1.2872975,103.8035111
Athlete Lab Singapore,OUTRAM,health,1.280267,103.8466066
Fitness First - Capital Tower,DOWNTOWN CORE,health,1.277781,103.84754
Fitness First - One George Street,DOWNTOWN CORE,health,1.2857174999999998,103.8474951
RIZAP Singapore Tanjong Pagar Studio,OUTRAM,health,1.2783501,103.8418619
F45 Training Amoy Street,OUTRAM,health,1.2805991,103.8467027
Legends Fight Sport,SINGAPORE RIVER,health,1.2877938999999998,103.8480754
Absolute Cycle @ Downtown Gallery,DOWNTOWN CORE,health,1.2766186000000002,103.848138
F45 Tampines West,TAMPINES,health,1.3433013,103.9419091
Contours Express Women's Gym Tampines,TAMPINES,health,1.3530993,103.9542185
F45 Downtown East Singapore,PASIR RIS,health,1.377861,103.9555449
GYMMBOXX Bedok Point,BEDOK,health,1.3251487,103.9322635
SAFRA EnergyOne (SAFRA Tampines),TAMPINES,health,1.344724,103.941739
SAFRA Tampines,TAMPINES,health,1.3446018999999998,103.9416649
The PIT Singapore,RIVER VALLEY,health,1.29976,103.836369
FITNESS MOVEMENT GYM,ORCHARD,health,1.3036788,103.8357504
Orangetheory Fitness Robertson Quay,RIVER VALLEY,health,1.2921219,103.8380002
Genesis Gym - Personal Training Singapore,QUEENSTOWN,health,1.2915687,103.807635
F45 Training Orchard,ORCHARD,health,1.300363,103.842667
Hot Yoga Studio LAVA @ Great World City,SINGAPORE RIVER,health,1.2936417,103.8319293
Iron Fitness Singapore,KALLANG,health,1.3109395,103.8725805
Gym Tonic,BISHAN,health,1.3497537,103.8508831
Asfitness,NOVENA,health,1.3233583,103.8269061
The Kampung Gym,GEYLANG,health,1.3096919,103.8783904
The Gym,KALLANG,health,1.3116221,103.8594942
GYMMBOXX Bishan,BISHAN,health,1.3499251,103.8508422
Fortitude Martial Arts & Fitness,KALLANG,health,1.30974,103.8619137
UFC GYM Singapore City Square Mall,KALLANG,health,1.3113982,103.8565897
Khus Fitness Pte. Ltd.,KALLANG,health,1.3158942,103.8561124
FitEleven,KALLANG,health,1.3097006000000002,103.8579542
COMO Shambhala Urban Escape Singapore,ORCHARD,health,1.3072391,103.828496
Ares Fight Club,BUKIT TIMAH,health,1.341412,103.772321
Bukit Batok ActiveSG Gym,BUKIT BATOK,health,1.3445253,103.7479262
SAFRA EnergyOne (SAFRA Jurong),JURONG WEST,health,1.335166,103.706299
Onyx MMA,JURONG EAST,health,1.3306265,103.7384671
My Gym @ Jurong East,JURONG EAST,health,1.3343784,103.7427835
Propstation,BEDOK,park,1.3274171,103.9182282
Ng Teng Fong Dental Clinic,JURONG EAST,hospital,1.333841,103.74520859999998
Parkway East Hospital,BEDOK,hospital,1.3150433,103.9089093
"International Urology, Fertility & Gynaecology Centre: Dr. Michael Wong - Urologist",NEWTON,hospital,1.305452,103.8354769
Old Changi Hospital,CHANGI,hospital,1.3905219,103.980521
Peter Yan Cardiology Clinic,TANGLIN,hospital,1.307592,103.8199224
National University Hospital,QUEENSTOWN,hospital,1.2946546,103.7830545
"National University Heart Centre, Singapore (NUHCS)",QUEENSTOWN,hospital,1.2948423,103.783948
Raffles Hospital,DOWNTOWN CORE,hospital,1.3011894,103.8572771
Sengkang General Hospital,SENGKANG,hospital,1.3936438,103.8931787
Ang Mo Kio-Thye Hua Kwan Hospital,ANG MO KIO,hospital,1.383513,103.8402041
Institute of Mental Health,HOUGANG,hospital,1.3818906000000002,103.8847242
Singapore General Hospital,BUKIT MERAH,hospital,1.279677,103.835984
National Heart Centre Singapore,BUKIT MERAH,hospital,1.2785753,103.8361084
Healthway Screening @ Downtown,DOWNTOWN CORE,hospital,1.2782034,103.8490529
National Cancer Centre Singapore,BUKIT MERAH,hospital,1.2794134,103.8367369
Changi General Hospital,TAMPINES,hospital,1.3401915,103.9495701
Alexandra Hospital,QUEENSTOWN,hospital,1.2865882,103.8012749
Gleneagles Hospital,TANGLIN,hospital,1.3072973,103.8202408
Camden Medical,ORCHARD,hospital,1.3032316000000002,103.8239372
Women Fertility & Fetal Centre: Dr Ann Tan - Female Gynaecologist,NEWTON,hospital,1.3055915,103.8354837
Tan Tock Seng Hospital,NOVENA,hospital,1.3213889,103.8458333
Farrer Park Hospital,ROCHOR,hospital,1.3130812,103.8542173
KK Women's and Children's Hospital,KALLANG,hospital,1.3105743,103.8470432
Mount Alvernia Hospital,TOA PAYOH,hospital,1.3417917,103.8374478
Mount Elizabeth Hospital,NEWTON,hospital,1.3052551,103.8354896
Mount Elizabeth Novena Hospital,NOVENA,hospital,1.322236,103.8440388
Kwong Wai Shiu Hospital,KALLANG,hospital,1.317285,103.8593269
Thomson Medical Centre,NOVENA,hospital,1.3253292,103.8415012
Singapore Paincare Center @ Novena,NOVENA,hospital,1.3222438,103.8440425
El Shaddai Arthritis & Rheumatism Specialist Medical Centre,KALLANG,hospital,1.3202463,103.861807
Ensoul Medical Clinic,ORCHARD,hospital,1.3060647,103.8309925
Ho Medical Centre Pte Ltd,CLEMENTI,hospital,1.3147527,103.771577
Ng Teng Fong General Hospital,JURONG EAST,hospital,1.3337448,103.7453915
Khoo Teck Puat Hospital,YISHUN,hospital,1.4246142,103.838217
Manulife,DOWNTOWN CORE,health,1.2824528999999998,103.8489673
Nutrify Meals,BUKIT MERAH,health,1.2767445,103.8387834
Bishan-Ang Mo Kio Park - Pond Gardens,BISHAN,park,1.3656301000000002,103.8358124
Dairy Farm Nature Park,BUKIT PANJANG,park,1.3618794,103.7753145
Chestnut Nature Park,CENTRAL WATER CATCHMENT,park,1.3712383999999995,103.7795375
Thomson Nature Park,ANG MO KIO,park,1.3853983,103.8210097
Pandan Gardens Leisure Park,JURONG EAST,park,1.3196693000000002,103.7500598
Jurong Lake Gardens,JURONG EAST,park,1.3358997,103.7261741
Bay East Garden,MARINA EAST,park,1.2881607,103.869858
Toa Payoh Sensory Park,TOA PAYOH,park,1.3351968,103.8528848
War Memorial Park,DOWNTOWN CORE,park,1.2928957,103.8546778
Singapore Botanic Gardens Gallop Extension,TANGLIN,park,1.3119665,103.8123031
Hougang Neighbourhood Park,HOUGANG,park,1.3679912,103.8969769
Harmony Park,HOUGANG,park,1.3723964,103.8962692
one-north Park,QUEENSTOWN,park,1.3028391,103.7905769
Tiong Bahru Park,BUKIT MERAH,park,1.2873698,103.8246836
Hong Lim Park,SINGAPORE RIVER,park,1.2865211,103.8465804
Sembawang Park,SEMBAWANG,park,1.4603822,103.8363201
Coney Island (West Entrance),PUNGGOL,park,1.4162358999999998,103.915184
Coney Island Singapore,PUNGGOL,park,1.4092951,103.9216496
Punggol Park,HOUGANG,park,1.3769802,103.8986585
Ang Mo Kio Town Garden East,ANG MO KIO,park,1.3707346000000002,103.8502485
Merlion,DOWNTOWN CORE,park,1.2867892,103.8545014
HortPark,QUEENSTOWN,park,1.2787362,103.8018322
Labrador Nature Reserve,BUKIT MERAH,park,1.2659383,103.8033226
Pasir Ris Town Park,PASIR RIS,park,1.3725402,103.9517213
Changi Beach Park,CHANGI,park,1.3909433,103.9920554
Bishan North Neighbourhood Park,BISHAN,park,1.3583048,103.8431764
Serangoon Community Park,SERANGOON,park,1.356715,103.8719351
3G Park @ Shunfu,BISHAN,park,1.3490623,103.8387223
Firefly Park,CLEMENTI,park,1.3203893,103.764816
Penguin Coast,BOON LAY,park,1.3205973,103.7058652
Vista Park,WOODLANDS,park,1.4296508,103.7960815
Nee Soon Central Community Park,YISHUN,park,1.4278788999999998,103.8318772
Cgh Pharmacy B,TAMPINES,pharmacy,1.3406241,103.9494707
"SGH X-Ray & Laboratory Services, Sengkang Polyclinic",SENGKANG,pharmacy,1.392501,103.894364
Rsh Holdings Pte Ltd,GEYLANG,pharmacy,1.3294152,103.8743558
Block 4 Retail Pharmacy,BUKIT MERAH,pharmacy,1.2796439,103.834983
Block 3 Outpatient Pharmacy,BUKIT MERAH,pharmacy,1.2784392,103.8342048
Unity Punggol Plaza,PUNGGOL,pharmacy,1.3941977,103.9129853
益康药房 Health Nature Pte Ltd,OUTRAM,pharmacy,1.2861066,103.8423765
National Skin Centre Clinical Laboratory,NOVENA,pharmacy,1.3201077,103.8494914
National Healthcare Group Pharmacy - Woodlands,WOODLANDS,pharmacy,1.430806,103.775072
Unity Seletar Mall,SENGKANG,pharmacy,1.3912448999999998,103.8761588
PhysioActive (East Coast),MARINE PARADE,health,1.304372,103.9033896
Singapore Bone and Joint Clinic,MARINE PARADE,health,1.3075036,103.9071132
Kaleidoscope Therapy Centre Pte. Ltd.,BUKIT TIMAH,health,1.3388138,103.7930905
Work Lift Balance - Physiotherapy and Performance,ROCHOR,health,1.3012962,103.8612421
Elevate Physiotherapy,SERANGOON,health,1.3648568,103.8657078
RAPID PHYSIOTHERAPY SINGAPORE @ Tanjong Pagar,DOWNTOWN CORE,doctor,1.276109,103.845924
Healing Hands Chiropractic Singapore,DOWNTOWN CORE,doctor,1.2913131000000002,103.8512472
UFIT CBD Hub - Club Street,OUTRAM,health,1.2824768999999998,103.8466987
Valerie Physiotherapy Centre Pte. Ltd.,DOWNTOWN CORE,health,1.2820124,103.8507909
Manual Therapy,SINGAPORE RIVER,health,1.288164,103.846238
Physio 101,DOWNTOWN CORE,health,1.2779341,103.8481601
Physiotherapy,BUKIT MERAH,health,1.2786678,103.8364196
In Touch Physiotherapy (In Touch Physio),DOWNTOWN CORE,health,1.2840525,103.8507398
Urbanrehab Physiotherapy in Singapore @ Raffles Place,DOWNTOWN CORE,doctor,1.2839094,103.8507739
Rehab Pro Movement Therapy Clinic,SINGAPORE RIVER,health,1.2891733,103.8442285
ONE Physiotherapy - ONE PHYSIO (Raffles),DOWNTOWN CORE,doctor,1.283722,103.85254
Movinglives Physiotherapy,DOWNTOWN CORE,health,1.2744414,103.8458312
Rehab & Beyond,DOWNTOWN CORE,health,1.2742752,103.8456739
Advanced Physio Care 爱康物理治疗诊所,DOWNTOWN CORE,health,1.278027,103.8479839
Heal360 Physioclinic,OUTRAM,health,1.278198,103.8443279
Urbanrehab Physiotherapy in Singapore @ Robinson Road,DOWNTOWN CORE,doctor,1.2795203000000002,103.848935
Health2u,OUTRAM,health,1.281787,103.8483829
Orthomed Physio,DOWNTOWN CORE,health,1.2835277,103.8522906
LocoMotion Clinic Pte Ltd,OUTRAM,health,1.275854,103.844361
Physio in Motion,SINGAPORE RIVER,health,1.2908734,103.8379645
Physiotherapy Centre @ HarbourFront,BUKIT MERAH,health,1.2648866,103.8182751
The Physiopartner Pte Ltd,SINGAPORE RIVER,health,1.2882129999999998,103.84622
Tan Chong Shin Chinese Physician & Acupuncturist,BEDOK,health,1.337615,103.922056
Heartland Rehab @ Queenstown,BUKIT MERAH,health,1.2869066,103.8088114
Urbanrehab Physiotherapy in Singapore @ Orchard,ORCHARD,doctor,1.302639,103.834649
PHYSIO+,ORCHARD,health,1.3015184,103.837884
MyPhysio Pte Ltd,TANGLIN,health,1.3226508999999995,103.8142619
UFIT Orchard,ORCHARD,health,1.3014581,103.8402846
Physio Asia Therapy Centre Pte Ltd,ORCHARD,doctor,1.3060317,103.8309104
Rapid Physiotherapy Novena,NOVENA,health,1.3204747,103.8448887
Elite Spine Centres - Chiropractor Singapore,KALLANG,health,1.3120213,103.8628407
Homage Home Care,KALLANG,health,1.3103444,103.8641272
Physioconnect @lakeside,JURONG WEST,health,1.3458385,103.7195762
Best Plumbing Services,JURONG EAST,health,1.3361878,103.7381938
Singapore Tennis Lessons | Jay Davern,ORCHARD,health,1.306283,103.833117
Geox Paragon,ORCHARD,health,1.3043348999999995,103.8361743
"Footkaki - Comfort Shoes, Insoles, & Feet Care",MARINE PARADE,health,1.3037607,103.9045901
myVillage,SERANGOON,health,1.3650699,103.8652075
Coslab Centrepoint,ORCHARD,health,1.3024133,103.839871
ALEYDA Mobile Spa,GEYLANG,health,1.3334012,103.8916992
Kenko Reflexology & Fish Spa,ORCHARD,health,1.3009019,103.8385305
"Illumia Therapeutics - Slimming, Fat Freeze, Medical Aesthetics",ORCHARD,health,1.3047411,103.8305926
Refresh Bodyworks,ANG MO KIO,health,1.3691225,103.8481334
Clarion Medical Clinic - Ang Mo Kio,ANG MO KIO,hospital,1.3684602,103.8445869
O Medical Clinic City Hall,DOWNTOWN CORE,health,1.2937746,103.8515157
"Freia Aesthetics | Biologique Recherche, Future, Valmont, Calecim Facials and Retailer",DOWNTOWN CORE,health,1.2939235,103.8533708
Lux Medical Aesthetic Clinic,MUSEUM,health,1.2993158,103.8478247
O Medical Clinic Raffles Place,DOWNTOWN CORE,health,1.284036,103.850727
SW1 Clinic (Paragon),ORCHARD,health,1.3044671,103.8363127
"Freia Aesthetics | Biologique Recherche, Future Cosmetics, Valmont, Calecim Facials and Retailer",ORCHARD,health,1.303803,103.8333417
Only Aesthetics Holland Village,QUEENSTOWN,health,1.3114941999999998,103.7945688
Alaxis Medical & Aesthetic Surgery,ORCHARD,doctor,1.3061653,103.8310002
Aramsa - The Garden Spa,BISHAN,health,1.362081,103.847562
O Medical Clinic,ORCHARD,health,1.3048389,103.8310872
Sembawang Hot Spring Park,MANDAI,park,1.4343143,103.8223722
Goodmart,BUKIT BATOK,health,1.3570307,103.763132
My Eye Room,BUKIT PANJANG,health,1.3605188999999998,103.7675355
Sport On Eyewear,KALLANG,health,1.302525,103.873622
Oriental Remedies (East Coast),MARINE PARADE,health,1.3067681999999998,103.9058348
Expressions (Orchard),MUSEUM,health,1.2995306,103.8420845
Evolve MMA (Far East Square),OUTRAM,health,1.282998,103.8479839
"1Aesthetics, Medical & Surgery (Dr Wan Chee Kwang)",SINGAPORE RIVER,hospital,1.289114,103.846667
Hovita Skincare Singapore,ROCHOR,health,1.300816,103.858932
Zenith Optics,SERANGOON,health,1.3649443,103.8652785
Paris Miki Bugis Junction,DOWNTOWN CORE,health,1.2992791,103.8553148
Paris Miki VivoCity,BUKIT MERAH,health,1.2636208,103.8219386
Prebiotics Probiotics Singapore,TAMPINES,health,1.3712925,103.9328351
Paris Miki Tampines 1,TAMPINES,health,1.354212,103.9450352
Paris Miki Parkway Parade,MARINE PARADE,health,1.3017478,103.9051445
Paris Miki Takashimaya Shopping Centre,ORCHARD,health,1.3021233,103.8346725
Paris Miki Holland Road Shopping Centre,QUEENSTOWN,health,1.310417,103.795344
The Panic Room,GEYLANG,health,1.3126415,103.8789804
J.U.G Japanese Barbershop,MUSEUM,health,1.2938321000000002,103.8426537
Wiseland Contact Lens and Optical Centre,JURONG EAST,health,1.3343553,103.7402743
Oriental Remedies (Jurong East),JURONG EAST,health,1.343183,103.736809
Bishan-Ang Mo Kio Park,BISHAN,park,1.3634088,103.8435614
Mount Faber Park,BUKIT MERAH,park,1.2737864,103.8174964
Sungei Buloh Wetland Reserve,LIM CHU KANG,park,1.4479987,103.7245442
Singapore Botanic Gardens,TANGLIN,park,1.3138397,103.8159136
Bukit Timah Nature Reserve,BUKIT PANJANG,park,1.3540562,103.7769454
East Coast Park,MARINE PARADE,park,1.3007841999999998,103.9121866
Istana Park,MUSEUM,park,1.2992392,103.8438178
Green Corridor,BUKIT TIMAH,park,1.3287533,103.7814346
Punggol Waterway Park,PUNGGOL,park,1.4116312,103.9033886
Fort Canning Park,MUSEUM,park,1.2938682,103.8466283
Fountain of Wealth,DOWNTOWN CORE,park,1.2947425,103.8589026
Southern Ridges,BUKIT MERAH,park,1.2801016,103.8029949
Gardens by the Bay,MARINA SOUTH,park,1.2815683,103.8636132
River Safari,CENTRAL WATER CATCHMENT,park,1.403186,103.7906876
Bedok Reservoir Park,BEDOK,park,1.3397718,103.9339364
Changi Boardwalk,CHANGI,park,1.3917133999999998,103.9758697
Tampines Eco Green,TAMPINES,park,1.3637756,103.9481856
Coronation Park,BUKIT TIMAH,park,1.3219031,103.7964733
Jurong Eco-Garden,WESTERN WATER CATCHMENT,park,1.3523233,103.6931591
Upper Seletar Reservoir Park,CENTRAL WATER CATCHMENT,park,1.400879,103.807041
LKC CSB,NOVENA,health,1.3215515,103.8490277
Duke-NUS Medical School,BUKIT MERAH,health,1.2810889,103.8342537
College Of Family Physicians S'pore,BUKIT MERAH,health,1.2804373,103.8338135
Nam Sang Veterinary Clinic Pte Ltd,NOVENA,health,1.3260162,103.843509
Vet Central Pte. Ltd.,TOA PAYOH,pharmacy,1.334373,103.852713
Stars Veterinary Clinic,HOUGANG,health,1.3596816,103.8876565
Amber Vet | Vet Clinic for Dogs,BEDOK,pharmacy,1.312726,103.922727
Namly Animal Clinic,BUKIT TIMAH,hospital,1.3242768,103.7967514
RehabVet Clinic Singapore,KALLANG,health,1.314668,103.857401
Gaia Veterinary Centre,KALLANG,health,1.327604,103.867346
Veterinary Emergency and Specialty Hospital - Singapore,HOUGANG,health,1.3431129,103.8837244
Night Safari,CENTRAL WATER CATCHMENT,park,1.4021872,103.7880606
Jurong Bird Park,BOON LAY,park,1.3187065,103.7064417
Guardian Singapore,BEDOK,pharmacy,1.315084,103.908852
Guardian Singapore,QUEENSTOWN,pharmacy,1.3068089,103.78865340000002
Guardian Singapore,QUEENSTOWN,pharmacy,1.2989175,103.7876488
Guardian,PUNGGOL,pharmacy,1.4064145,103.9018395
Guardian,PUNGGOL,pharmacy,1.4025925,103.9133095
Guardian Singapore,SERANGOON,pharmacy,1.3875071,103.8689457
Guardian,DOWNTOWN CORE,pharmacy,1.2937557,103.8533914
Guardian Health and Beauty,BUKIT MERAH,pharmacy,1.2647883999999998,103.822894
Guardian Health and Beauty,BUKIT MERAH,pharmacy,1.2638,103.8204591
Guardian Singapore,DOWNTOWN CORE,pharmacy,1.2911354,103.8501524
Your Eye Guardian,BUKIT MERAH,health,1.2854553999999998,103.8270226
Guardian,TAMPINES,pharmacy,1.3524949,103.9447973
Guardian,BEDOK,pharmacy,1.3246783000000002,103.9295114
Guardian,TAMPINES,pharmacy,1.342701,103.953235
Guardian,PASIR RIS,pharmacy,1.3724345,103.9499478
Guardian,BEDOK,pharmacy,1.337769,103.9217855
Guardian Singapore,TAMPINES,pharmacy,1.3721346,103.9319587
Guardian Singapore,BEDOK,pharmacy,1.3247735,103.9316873
Guardian Singapore,TAMPINES,pharmacy,1.3533872999999998,103.9405499
Guardian Singapore,TAMPINES,pharmacy,1.3525942,103.9544019
Guardian Singapore,TAMPINES,pharmacy,1.3536336000000002,103.9448174
Guardian Singapore,CHANGI,pharmacy,1.3552624,103.9864165
Guardian Singapore,BEDOK,health,1.3128904,103.9235006
Guardian Singapore,BEDOK,pharmacy,1.3209194,103.9126614
Guardian Singapore,MARINE PARADE,health,1.3057384,103.9147291
Guardian Health and Beauty,CHANGI,pharmacy,1.3566656,103.9896777
Guardian Our Tampines Hub,TAMPINES,pharmacy,1.3539084,103.9405583
Guardian @ Tiong Bahru MRT,BUKIT MERAH,pharmacy,1.2858946000000002,103.8267954
Guardian @ The Centrepoint,ORCHARD,pharmacy,1.3021568,103.8397736
Guardian,NOVENA,pharmacy,1.3199572,103.8439076
Guardian,NOVENA,pharmacy,1.3168999,103.8436386
Guardian,TOA PAYOH,pharmacy,1.3313214,103.8685003
Guardian,BISHAN,pharmacy,1.3495699,103.8500439
Guardian - City Square Mall,KALLANG,pharmacy,1.3111719,103.8564305
Guardian Singapore,NOVENA,pharmacy,1.327052,103.8464843
Guardian Singapore,BISHAN,pharmacy,1.3504994,103.8485892
Guardian Singapore,BISHAN,pharmacy,1.3548791,103.8308643
Guardian NEX,SERANGOON,pharmacy,1.3504815,103.8724894
Guardian Singapore,KALLANG,pharmacy,1.3073572,103.8631189
Guardian Singapore,GEYLANG,pharmacy,1.3162506,103.8823491
Guardian,ORCHARD,pharmacy,1.3058333,103.8326816
Guardian Singapore,ORCHARD,pharmacy,1.3058968999999998,103.8310048
Guardian Singapore,NEWTON,pharmacy,1.3052698,103.8355031
Guardian Singapore,HOUGANG,pharmacy,1.3592301000000002,103.8855067
Guardian Health & Beauty,BISHAN,pharmacy,1.3548791,103.8308643
Guardian Singapore,SERANGOON,pharmacy,1.364169,103.865478
Guardian,ORCHARD,pharmacy,1.3038033000000002,103.8316363
Guardian,ORCHARD,pharmacy,1.3035968999999998,103.8358745
Guardian Singapore,GEYLANG,pharmacy,1.3204751,103.8864928
Guardian Singapore,ORCHARD,pharmacy,1.3031334,103.8339382
Guardian,ORCHARD,pharmacy,1.3011993999999998,103.8385604
Guardian Singapore,HOUGANG,pharmacy,1.3365935,103.8887334
Guardian,ORCHARD,pharmacy,1.3049776000000002,103.8237541
Guardian Health & Beauty,KALLANG,pharmacy,1.3025249,103.8736219
Guardian Singapore,MUSEUM,pharmacy,1.3007111,103.844904
Guardian,DOWNTOWN CORE,pharmacy,1.2994344999999998,103.8558511
Guardian Singapore,KALLANG,pharmacy,1.3021868,103.8765069
Guardian Singapore,ANG MO KIO,pharmacy,1.368155,103.8558817
Guardian Health and Beauty,ANG MO KIO,pharmacy,1.3705691999999998,103.8472277
Guardian Health & Beauty,ORCHARD,pharmacy,1.3039386999999998,103.8318267
Guardian,DOWNTOWN CORE,pharmacy,1.2941996,103.8574094
Guardian Singapore,GEYLANG,pharmacy,1.3180892,103.8924168
Guardian Singapore,TANGLIN,pharmacy,1.3076528,103.8198871
Guardian,SINGAPORE RIVER,pharmacy,1.293949,103.831915
Guardian,HOUGANG,pharmacy,1.3721748,103.8938229
Guardian,DOWNTOWN CORE,pharmacy,1.2922338,103.8560384
Guardian,OUTRAM,pharmacy,1.285496,103.8449568
Guardian,DOWNTOWN CORE,pharmacy,1.283795,103.8516396
Guardian Health & Beauty,DOWNTOWN CORE,pharmacy,1.2861181000000002,103.8598687
Guardian Singapore,DOWNTOWN CORE,pharmacy,1.2935152,103.8595486
Guardian Singapore,SINGAPORE RIVER,pharmacy,1.2922109,103.8426834
Guardian Singapore,OUTRAM,pharmacy,1.2837062,103.8440612
Guardian Singapore,MARINE PARADE,pharmacy,1.3015673,103.904844
Guardian,SENGKANG,pharmacy,1.3823327,103.8937579
Guardian Singapore,MARINE PARADE,pharmacy,1.3052002,103.9050645
Guardian,DOWNTOWN CORE,pharmacy,1.2746427,103.8433785
Guardian Singapore,QUEENSTOWN,pharmacy,1.3105652,103.7956219
Guardian Singapore,DOWNTOWN CORE,pharmacy,1.2767708999999998,103.8451658
Guardian Singapore,DOWNTOWN CORE,pharmacy,1.2795071000000002,103.8473448
Guardian,CLEMENTI,pharmacy,1.3151325,103.7647087
Guardian Singapore,BUKIT TIMAH,pharmacy,1.3416955,103.7759701
Guardian,JURONG EAST,pharmacy,1.3331371,103.743579
Guardian Singapore,JURONG WEST,pharmacy,1.3440967,103.7207278
Guardian,CHOA CHU KANG,pharmacy,1.3853948,103.7447633
Guardian Singapore,CHOA CHU KANG,pharmacy,1.3781772,103.7388786
Guardian Singapore,BUKIT BATOK,pharmacy,1.3499021,103.7491753
Guardian Singapore,CHOA CHU KANG,pharmacy,1.3972577,103.7473246
Guardian Singapore,BUKIT BATOK,pharmacy,1.3481705,103.7581725
Guardian,WOODLANDS,pharmacy,1.4360342,103.7857275
Guardian,SEMBAWANG,pharmacy,1.4483099,103.82003509999998
Guardian,SENGKANG,pharmacy,1.3916822,103.8759067
Guardian Singapore,WOODLANDS,pharmacy,1.4376669,103.7951408
WATSONS,JURONG EAST,pharmacy,1.335105,103.7462066
Guardian Beauty Store,JURONG WEST,pharmacy,1.3392278999999998,103.7062588
Yeta Optical Co,JURONG WEST,health,1.3347725,103.7211374
Watsons Singapore - PLQ (Click & Collect),GEYLANG,pharmacy,1.3174395,103.8927301
Watsons – Your Personal Store,MARINE PARADE,pharmacy,1.305101,103.9051744
Watsons Singapore - Compass One (Click & Collect),SENGKANG,pharmacy,1.3923774,103.8951338
Watsons Singapore - Rivervale Mall (Click & Collect),SENGKANG,health,1.3923205,103.9045208
Watsons Singapore - Waterway Point (Click & Collect),PUNGGOL,pharmacy,1.4067758999999995,103.9028467
Watsons - Hougang Mall (Click & Collect),HOUGANG,pharmacy,1.3727945,103.8936338
Watsons Singapore - Hougang 1 (Click & Collect),HOUGANG,health,1.3758605,103.879441
Watsons Singapore - Serangoon Garden (Click & Collect),SERANGOON,health,1.3645954,103.8660735
Watsons Singapore - AMK Hub (Click & Collect),ANG MO KIO,health,1.3696384,103.8488714
Watsons Singapore - Hougang Green Shopping Mall (Click & Collect),HOUGANG,health,1.3792668,103.8878925
Watsons Singapore - Hougang Ave 1 (Click & Collect),HOUGANG,health,1.35398,103.8908827
Watsons Singapore - ITE AMK (Click & Collect),ANG MO KIO,health,1.3766005,103.8566887
Guardian,YISHUN,pharmacy,1.4293032,103.8355822
Guardian Singapore,YISHUN,pharmacy,1.430567,103.8279529
Watsons Singapore - International Plaza (Click & Collect),DOWNTOWN CORE,pharmacy,1.2756669,103.8461511
Watsons Singapore - Hong Leong Building (Click & Collect),DOWNTOWN CORE,health,1.2815473999999998,103.851287
Watsons Singapore - VivoCity (Click & Collect),BUKIT MERAH,pharmacy,1.2651517,103.8226167
Watsons Singapore - Harbourfront Centre (Click & Collect),BUKIT MERAH,health,1.2643276,103.8203126
Watsons Singapore - ARC (Click & Collect),QUEENSTOWN,health,1.2736761,103.8015216
Watsons,DOWNTOWN CORE,health,1.2842639,103.8525129
Watsons Singapore - Chinatown Point (Click & Collect),OUTRAM,health,1.285249,103.844833
Watsons Singapore - RWS,SOUTHERN ISLANDS,health,1.2561661,103.8208251
Watsons Singapore - Amara 100AM (Click & Collect),DOWNTOWN CORE,health,1.2749455,103.8434094
Watsons Singapore - Income At Raffles (Click & Collect),DOWNTOWN CORE,pharmacy,1.2842345,103.8524453
Watsons Singapore - Marina Square (Click & Collect),DOWNTOWN CORE,pharmacy,1.291491,103.8581818
Watsons Singapore - Funan (Click & Collect),DOWNTOWN CORE,pharmacy,1.2914698999999998,103.8505736
Watsons Singapore - Raffles City (Click & Collect),DOWNTOWN CORE,health,1.2939211000000002,103.8533887
Watsons Singapore - Bugis Junction (Click & Collect),DOWNTOWN CORE,pharmacy,1.299087,103.855365
Watsons Singapore - Suntec City (Click & Collect),DOWNTOWN CORE,health,1.2957108,103.8586488
Watsons Singapore - NUH (Click & Collect),QUEENSTOWN,pharmacy,1.2933438,103.7843402
Watsons Singapore - Plaza Singapura (Click & Collect),MUSEUM,health,1.3006954,103.84475
Watsons Singapore - Parklane Shopping Mall (Click & Collect),ROCHOR,health,1.3007791000000002,103.8495883
Watsons Singapore - The Star Vista (Click & Collect),QUEENSTOWN,health,1.3065835,103.7884399
Watsons Singapore - Kinex (Click & Collect),GEYLANG,health,1.3149868,103.8946433
Watsons Singapore - Parkway Parade (Click & Collect),MARINE PARADE,pharmacy,1.3014001,103.9052037
Watsons Singapore - Singapore Post Centre (Click & Collect),GEYLANG,pharmacy,1.3185147,103.8940801
Watsons Singapore - Bukit Timah Plaza (Click & Collect),BUKIT TIMAH,health,1.3385966,103.7785891
Watsons Singapore - Hillion Mall (Click & Collect),BUKIT PANJANG,pharmacy,1.3779581,103.7630439
Watsons Singapore - Bukit Panjang Plaza (Click & Collect),BUKIT PANJANG,pharmacy,1.3804296,103.7639083
Watsons Singapore - Tampines Mart (Click & Collect),TAMPINES,health,1.354279,103.9599466
Watsons Singapore - Tampines 1 (Click & Collect),TAMPINES,health,1.3542413999999998,103.9450042
Watsons Singapore - Heartbeat @ Bedok (Click & Collect),BEDOK,pharmacy,1.3271895,103.9323688
Watsons Singapore - Tampines Mall (Click & Collect),TAMPINES,pharmacy,1.3524573,103.9446726
Watsons Singapore - Bedok Mall (Click & Collect),BEDOK,pharmacy,1.324592,103.9292631
Watsons Singapore - Eastpoint (Click & Collect),TAMPINES,pharmacy,1.3425187,103.9530685
Watsons Singapore - T4 Check-In,CHANGI,pharmacy,1.337431,103.9828748
Watsons Singapore - Changi City Point (Click & Collect),TAMPINES,health,1.3343011,103.9627758
Watsons Singapore - Tampines St 81 (Click & Collect),TAMPINES,health,1.3492030000000002,103.934532
Watsons Singapore - Bedok South (Click & Collect),BEDOK,health,1.3241216,103.9416303
Watsons Health,BEDOK,pharmacy,1.326762,103.9325844
Watsons Singapore - White Sands (Click & Collect),PASIR RIS,pharmacy,1.3724166000000002,103.9496584
Watsons Singapore - Punggol Plaza (Click & Collect),PUNGGOL,health,1.3941371,103.9130464
Watsons,QUEENSTOWN,health,1.2890433,103.8054963
Watsons Singapore - Killiney Road (Click & Collect),RIVER VALLEY,health,1.297691,103.8385613
Watsons Singapore - The Centrepoint (Click & Collect),ORCHARD,pharmacy,1.3011231,103.8400631
Watsons Singapore - Paragon (Click & Collect),ORCHARD,pharmacy,1.3039204,103.8356396
Watsons Singapore - Orchard Gateway (Click & Collect),ORCHARD,health,1.3007611,103.8390583
Watsons Singapore - Ngee Ann City (Click & Collect),ORCHARD,pharmacy,1.3026245,103.8342171
Watsons Singapore - Tiong Bahru Plaza (Click & Collect),BUKIT MERAH,health,1.2864763,103.8271508
Watsons Singapore - Great World City (Click & Collect),SINGAPORE RIVER,pharmacy,1.2939072,103.8315304
Watsons Singapore - People's Park Complex (Click & Collect),OUTRAM,health,1.284095,103.8425309
Watsons Singapore - Atra (Click & Collect),BUKIT MERAH,health,1.2900367,103.8169318
Guardian Health and Beauty,JURONG EAST,pharmacy,1.3342482,103.7429028
Watsons Singapore - Thomson Plaza (Click & Collect),BISHAN,health,1.3548791,103.8308643
Watsons Singapore - United Square (Click & Collect),NOVENA,pharmacy,1.3171507,103.8433964
Watsons Singapore - Braddell (Click & Collect),TOA PAYOH,health,1.341253,103.846346
Watsons Singapore - Novena Square (Click & Collect),NOVENA,pharmacy,1.3199572,103.8439076
Watsons Singapore - Junction 8 (Click & Collect),BISHAN,pharmacy,1.3507496,103.8479319
Watsons Singapore - Towner Road (Click & Collect),KALLANG,health,1.3194685,103.8611894
Watsons Singapore - City Square Mall (Click & Collect),KALLANG,health,1.3111665,103.856822
Watsons Singapore - Nex (Click & Collect),SERANGOON,pharmacy,1.350797,103.871674
Watsons Singapore - Toa Payoh (HDB) (Click & Collect),TOA PAYOH,health,1.3328592,103.848053
Watsons Singapore - Far East Plaza (Click & Collect),ORCHARD,health,1.307082,103.8336553
Watsons Singapore - Bishan (Click & Collect),BISHAN,health,1.3580041,103.8446385
Watsons Singapore - Serangoon Central,SERANGOON,health,1.354041,103.871142
Watsons Singapore - The Poiz (Click & Collect),TOA PAYOH,pharmacy,1.3312349,103.8681859
Watsons Singapore - Forum Galleria,ORCHARD,health,1.3061568,103.8286529
Watsons - Bishan St 22,BISHAN,pharmacy,1.3580041,103.8446385
Watsons Singapore - Heartland Mall (Click & Collect),HOUGANG,health,1.359469,103.8851289
Watsons Singapore - Ion Orchard (Click & Collect),ORCHARD,pharmacy,1.3044756000000002,103.8315999
Watsons - Lucky Plaza (Click & Collect),ORCHARD,pharmacy,1.304543,103.833929
Watsons Singapore - Clementi Mall (Click & Collect),CLEMENTI,pharmacy,1.3147043,103.764053
Watsons Singapore - West Coast Plaza (Click & Collect),CLEMENTI,health,1.3037119,103.766029
Watsons Singapore - Beauty World Centre (Click & Collect),BUKIT TIMAH,health,1.34234,103.776131
Watsons Personal Store,BUKIT TIMAH,pharmacy,1.3424247,103.7764616
Watson’s Your Personal Store,CLEMENTI,health,1.3150345,103.7647503
Watsons Singapore - Jurong West St 92 (Click & Collect),JURONG WEST,health,1.3413174,103.69156329999998
Watsons Singapore - Pioneer Mall (Click & Collect),JURONG WEST,health,1.3418124,103.6972626
Watsons Singapore - Jurong Point (Click & Collect),JURONG WEST,pharmacy,1.3393421,103.7068239
Watsons Singapore - Boon Lay Shopping Centre (Click & Collect),JURONG WEST,health,1.3461328,103.7129969
Watsons Singapore - Jurong West St 51 (Click & Collect),JURONG WEST,health,1.3501994,103.7188411
Watsons Singapore - JEM (Click & Collect),JURONG EAST,pharmacy,1.3337765,103.7436699
Watsons Singapore - JCUBE (Click & Collect),JURONG EAST,health,1.3333486,103.7400353
Watsons Singapore - Westgate (Click & Collect),JURONG EAST,health,1.3343784,103.7427835
Watsons Singapore - West Mall (Click & Collect),BUKIT BATOK,health,1.3498791,103.7492068
Watsons Singapore - IMM (Click & Collect),JURONG EAST,pharmacy,1.3347957,103.7471363
Watsons Singapore - Lot 1 (Click & Collect),CHOA CHU KANG,health,1.3852086,103.7449371
Watsons Singapore - Yew Tee Point (Click & Collect),CHOA CHU KANG,health,1.3970058,103.7464759
Watsons Singapore - Bukit Gombak (Click & Collect),BUKIT BATOK,health,1.3584586,103.7506974
Watsons - IMM Building,JURONG EAST,pharmacy,1.3348152,103.7471485
Guardian,JURONG WEST,pharmacy,1.3392378,103.7056174
Watsons Singapore - Causeway Point (Click & Collect),WOODLANDS,pharmacy,1.4360933,103.7859471
Watsons Singapore - Sembawang Shopping Centre (Click & Collect),SEMBAWANG,health,1.4420175,103.8250677
Watsons Singapore - Northpoint City (Click & Collect),YISHUN,pharmacy,1.4281699,103.8361007
Watsons Singapore - Sun Plaza (Click & Collect),SEMBAWANG,pharmacy,1.4482678,103.8196887
Watsons Singapore - The Seletar Mall (Click & Collect),SENGKANG,pharmacy,1.3912448999999998,103.8761588
Unity AMK Hub,ANG MO KIO,pharmacy,1.3696302,103.8482042
Unity Taman Jurong,JURONG WEST,pharmacy,1.3345709,103.72059
Unity Harbour Front Centre,BUKIT MERAH,pharmacy,1.2642175,103.8203582
Unity Bukit Timah Plaza,BUKIT TIMAH,pharmacy,1.3387142,103.7786607
Unity Clementi Mall,CLEMENTI,pharmacy,1.314918,103.7643089
Unity Tampines Mall,TAMPINES,pharmacy,1.3524573,103.9446726
Unity Northpoint City,YISHUN,pharmacy,1.429368,103.836413
Unity Kampung Admiralty,WOODLANDS,pharmacy,1.4397745000000002,103.8008056
Unity Wisteria Mall,YISHUN,pharmacy,1.4345772,103.8340876
Unity Yishun Mall,YISHUN,pharmacy,1.4243083,103.8463318
Unity Yishun,YISHUN,pharmacy,1.4171755,103.8353277
Unity Yishun,YISHUN,pharmacy,1.4358559,103.8368371
Unity Vista Point,WOODLANDS,pharmacy,1.4307439,103.794102
Unity Woodlands Civic Centre,WOODLANDS,pharmacy,1.4350059,103.7869203
Unity Bukit Merah,BUKIT MERAH,pharmacy,1.282838,103.817549
Unity Yew Tee Point,CHOA CHU KANG,pharmacy,1.3971715,103.7465077
Unity Bukit Panjang Plaza,BUKIT PANJANG,pharmacy,1.380031,103.7642338
Prime Care Clinic,GEYLANG,doctor,1.312882,103.8813744
Prime Tech Solutions,SERANGOON,pharmacy,1.3774957,103.8683781
Prime Health Medical Group,SINGAPORE RIVER,health,1.2924323,103.8426281
Prime Surgery - Dr Winston Woon,TANGLIN,health,1.3076257,103.8202012
Prime Medical Group Pte Ltd,ORCHARD,health,1.3036159,103.8355742
Prime Dental Surgeon,ANG MO KIO,dentist,1.3738492,103.8381131
Prime Heart Centre,TANGLIN,hospital,1.3076528,103.8198871
Prime Gymnastics Club,TOA PAYOH,health,1.3361120000000002,103.857073
"NUH Zone H - National University For Oral Health, Singapore",QUEENSTOWN,hospital,1.2959604,103.7828821
Sgh carpark H,BUKIT MERAH,hospital,1.2805204,103.8320285
"SOC (H, J, K, L, M)",BUKIT MERAH,health,1.2788941,103.8339017
H & Y TCM Clinic,SINGAPORE RIVER,health,1.2915295,103.8414567
Lundbeck Singapore Pte. Ltd.,NOVENA,health,1.3176475,103.8435131
Lim Dental Surgery - 1-H Yio Chu Kang Road,SERANGOON,dentist,1.3541754,103.8775509
L & H Polyclinic and Surgery,BUKIT MERAH,doctor,1.288783,103.814348
Singapore Taekwon-do Academy @ Boon Lay H RC,JURONG WEST,health,1.3411215,103.7026535
G & H Medical Clinic Pte Ltd,YISHUN,health,1.4318011999999998,103.8270259
Lai Koi Pah,OUTRAM,health,1.2816228,103.8405685
Cheng Koi Foo,OUTRAM,health,1.2842143,103.8456372
Orchid Garden & Koi Pond,CHANGI,park,1.3539858,103.9890078
Giant Panda Forest - River Safari,CENTRAL WATER CATCHMENT,park,1.4037512,103.7926235
Venus Secret - Beauty & Wellness,OUTRAM,health,1.2748632,103.8426344
Venus Beauty,YISHUN,pharmacy,1.4292716,103.8355467
Welcia-BHG Suntec City,DOWNTOWN CORE,pharmacy,1.2952951,103.8598087
Welcia-BHG Bugis Junction,DOWNTOWN CORE,pharmacy,1.3002212,103.8560286
Welcia-BHG Raffles City,DOWNTOWN CORE,pharmacy,1.29401,103.8531473
Clinique - BHG Bugis,DOWNTOWN CORE,health,1.2998056999999998,103.8563689
Welcia BHG White Sands,PASIR RIS,health,1.3725512,103.9493872
New York Skin Solutions - BHG Bishan,BISHAN,health,1.3504027,103.8487564
Welcia-BHG Northpoint City,YISHUN,pharmacy,1.4277098,103.8359131
Welcia-BHG Wisteria Mall,YISHUN,pharmacy,1.4177543,103.8415056
Watsons Singapore - Breadtalk IHQ (Click & Collect),HOUGANG,health,1.3344083999999998,103.8895901
